State,Number,Letter,Value,Quantity,Box
AL,120,G,$0.35 ,1,1
AL,120,J,$1.00 ,1,1
AL,120,K,$1.00 ,1,1
AL,220,L,$0.35 ,1,1
AL,560,T,$0.50 ,1,1
AL,560,Y,$0.35 ,1,1
AL,740,A,$0.50 ,1,1
AL,800,F,$0.35 ,2,1
AK,50,A,$1.00 ,1,1
AK,50,D,$1.00 ,1,1
AK,50,J,$1.50 ,1,1
AK,300,E,$3.00 ,1,1
AK,300,I,$2.00 ,1,1
AK,400,C,$1.25 ,1,1
AK,400,D,$1.25 ,1,1
AZ,80,A,$0.35 ,1,1
AZ,280,A,$0.50 ,1,1
AZ,375,C,$3.00 ,1,1
AZ,640,B,$0.35 ,1,1
AZ,640,C,$0.35 ,1,1
AZ,640,G,$0.60 ,1,1
AZ,640,H,$0.60 ,1,1
AZ,840,A,$0.50 ,1,1
AZ,840,B,$0.50 ,1,1
AZ,840,Cb,$0.50 ,1,1
AZ,840,E,$0.35 ,1,1
AZ,840,F,$0.50 ,1,1
AZ,840,G,$0.50 ,1,1
AZ,840,J,$1.50 ,1,1
AR,300,F,$8.50 ,1,1
AR,360,E,$0.35 ,1,1
AR,435,J,$0.35 ,1,1
AR,435,P,$3.00 ,1,1
AR,435,Q,$1.00 ,1,1
AR,450,B,$0.50 ,1,1
AR,480,P,$0.50 ,1,1
AR,480,Q,$0.35 ,1,1
AR,480,S,$0.75 ,1,1
CA,25,A,$6.00 ,1,1
CA,110,C,$2.50 ,1,1
CA,240,A,$0.35 ,1,1
CA,255,B,$0.50 ,1,1
CA,295,A,$1.00 ,1,1
CA,300,F,$0.35 ,1,1
CA,300,H,$0.35 ,1,1
CA,300,K,$0.35 ,1,1
CA,300,N,$0.35 ,1,1
CA,300,P,$0.50 ,1,1
CA,310,A,$0.50 ,1,1
CA,320,A,$0.35 ,1,1
CA,320,B,$0.35 ,1,1
CA,320,J,$0.35 ,1,1
CA,340,A,$1.00 ,1,1
CA,375,C,$2.00 ,1,1
CA,435,B,$0.50 ,1,1
CA,445,B,$0.35 ,1,1
CA,445,C,$0.35 ,1,1
CA,445,D,$0.35 ,1,1
CA,445,E,$0.35 ,1,1
CA,445,F,$0.35 ,1,1
CA,450,B,$0.35 ,1,1
CA,450,D,$4.00 ,1,1
CA,450,H,$0.35 ,1,1
CA,450,J,$0.35 ,1,1
CA,450,K,$0.35 ,1,1
CA,450,O,$0.35 ,1,1
CA,450,T,$4.00 ,1,1
CA,450,AH,$2.00 ,1,1
CA,450,AL,$2.00 ,1,1
CA,450,AM,$2.00 ,1,1
CA,450,AS,$2.00 ,1,1
CA,450,AT,$2.00 ,1,1
CA,450,BL,$2.00 ,1,1
CA,560,D,$1.00 ,1,1
CA,560,E,$2.00 ,1,1
CA,560,F,$2.00 ,1,1
CA,575,E,$0.35 ,1,1
CA,575,I,$0.35 ,1,1
CA,575,J,$0.35 ,1,1
CA,575,K,$0.35 ,1,1
CA,575,L,$0.35 ,1,1
CA,575,M,$0.35 ,1,1
CA,575,N,$0.35 ,1,1
CA,575,P,$0.35 ,1,1
CA,575,Q,$0.35 ,1,1
CA,575,R,$0.35 ,1,1
CA,590,A,$0.35 ,1,1
CA,620,B,$15.00 ,1,1
CA,630,G,$0.35 ,1,1
CA,710,A,$2.00 ,1,1
CA,712,A,$1.50 ,1,1
CA,712,B,$0.40 ,1,1
CA,712,C,$1.00 ,1,1
CA,712,D,$1.00 ,1,1
CA,715,J,$0.35 ,1,1
CA,715,M,$0.35 ,1,1
CA,715,P,$0.35 ,1,1
CA,715,Q,$0.35 ,1,1
CA,715,U,$0.35 ,1,1
CA,715,V,$0.35 ,1,1
CA,715,AB,$0.35 ,1,1
CA,715,AC,$0.35 ,1,1
CA,730,C,$1.00 ,1,2
CA,740,A,$1.10 ,1,2
CA,740,B,$0.75 ,1,2
CA,745,M,$0.35 ,1,2
CA,745,O,$0.35 ,1,2
CA,745,Q,$0.35 ,1,2
CA,745,T,$0.35 ,1,2
CA,745,U,$0.35 ,1,2
CA,745,W,$1.25 ,1,2
CA,745,Y,$5.00 ,1,2
CA,745,Z,$1.50 ,1,2
CA,745,AA,$1.50 ,1,2
CA,745,AE,$2.00 ,1,2
CA,760,D,$0.35 ,1,2
CA,760,E,$0.35 ,1,2
CA,760,F,$1.00 ,2,2
CA,760,G,$3.00 ,1,2
CA,760,H,$2.50 ,1,2
CA,760,J,$2.50 ,1,2
CA,760,O,$4.50 ,1,2
CA,760,W,$2.00 ,1,2
CA,775,F,$0.35 ,1,2
CA,775,J,$0.35 ,1,2
CA,775,M,$8.50 ,1,2
CA,775,N,$1.25 ,1,2
CA,775,O,$0.70 ,1,2
CA,775,P,$4.00 ,1,2
CA,775,Q,$2.50 ,1,2
CA,815,E,$0.35 ,1,2
CA,815,G,$0.35 ,1,2
CA,825,D,$0.35 ,1,2
CA,825,E,$0.35 ,1,2
CA,825,F,$0.35 ,1,2
CA,830,A,$1.00 ,1,2
CA,835,D,$0.35 ,1,2
CA,835,G,$0.45 ,1,2
CA,835,J,$0.45 ,1,2
CA,895,A,$0.35 ,1,2
CA,895,B,$0.35 ,1,2
CA,895,C,$0.35 ,1,2
CA,895,D,$0.35 ,1,2
CA,895,O,$1.00 ,1,2
CA,915,A,$0.75 ,1,2
CA,915,B,$1.00 ,1,2
CA,915,C,$1.00 ,1,2
CA,940,B,$1.00 ,1,2
CA,940,D,$0.50 ,1,2
CA,945,A,$0.35 ,1,2
CA,945,B,$0.35 ,1,2
CA,945,C,$0.35 ,1,2
CA,945,D,$0.35 ,1,2
CA,945,E,$0.35 ,1,2
CA,945,F,$0.35 ,1,2
CA,945,I,$7.50 ,1,2
CA,945,J,$0.35 ,1,2
CA,945,N,$0.50 ,1,2
CA,955,Aa,$1.00 ,1,2
CA,955,Ab,$1.00 ,1,2
CA,955,E,$1.00 ,1,2
CA,955,H,$2.00 ,1,2
CA,955,I,$1.00 ,1,2
CA,955,J,$1.00 ,1,2
CA,970,A,$1.00 ,1,2
CA,995,B,$0.50 ,1,2
CA,995,C,$0.50 ,1,2
CA,1000,AA,$0.50 ,1,2
CA,1000,AB,$0.50 ,1,2
CA,1000,AU,$1.00 ,1,2
CA,1000,AW,$1.00 ,1,2
CA,1000,AZ,$1.00 ,1,2
CA,1000,BA,$1.00 ,1,2
CA,1000,BB,$1.00 ,1,2
CA,1000,BD,$1.00 ,1,2
CA,1000,BF,$1.00 ,1,2
CA,1000,BH,$1.00 ,1,2
CA,1000,BI,$1.00 ,1,2
CA,1000,BJ,$1.00 ,1,2
CA,1000,BL,$1.00 ,1,2
CO,30,A,$2.00 ,1,2
CO,40,H,$1.00 ,1,2
CO,45,A,$2.00 ,1,2
CO,45,B,$2.00 ,1,2
CO,45,C,$2.00 ,1,2
CO,60,A,$0.35 ,1,2
CO,60,B,$0.35 ,1,2
CO,110,N,$0.50 ,1,2
CO,120,A,$0.35 ,1,2
CO,140,B,$0.35 ,1,2
CO,140,D,$0.35 ,1,2
CO,140,E,$0.35 ,1,2
CO,140,F,$0.35 ,1,2
CO,140,G,$0.35 ,1,2
CO,140,H,$0.35 ,1,2
CO,140,L,$0.75 ,1,2
CO,260,A,$0.35 ,1,3
CO,260,D,$0.35 ,1,3
CO,260,H,$0.35 ,1,3
CO,260,I,$0.35 ,1,3
CO,260,J,$0.35 ,1,3
CO,260,L,$0.75 ,1,3
CO,260,Q,$7.00 ,1,3
CO,260,R,$0.35 ,2,3
CO,260,S,$0.60 ,1,3
CO,260,T,$0.50 ,1,3
CO,260,V,$1.00 ,1,3
CO,260,X,$3.50 ,1,3
CO,280,C,$12.00 ,1,3
CO,300,D,$0.35 ,1,3
CO,340,B,$0.35 ,1,3
CO,340,E,$0.35 ,1,3
CO,340,H,$1.80 ,1,3
CO,340,K,$1.80 ,1,3
CO,340,L,$1.80 ,1,3
CO,340,M,$1.00 ,1,3
CO,340,N,$1.00 ,1,3
CO,340,O,$1.00 ,1,3
CO,340,Q,$2.00 ,1,3
CO,460,E,$1.00 ,1,3
CO,600,A,$4.50 ,1,3
CO,690,A,$0.50 ,1,3
CO,690,D,$2.00 ,1,3
CO,760,D,$0.35 ,1,3
CO,760,N,$0.50 ,1,3
CO,830,C,$9.00 ,1,3
CO,830,D,$8.50 ,1,3
CO,830,E,$7.50 ,1,3
CO,830,F,$7.00 ,1,3
CO,830,G,$6.50 ,1,3
CO,830,H,$6.50 ,1,3
CO,830,I,$6.00 ,1,3
CO,830,K,$5.00 ,1,3
CO,830,L,$4.50 ,1,3
CO,830,O,$3.00 ,1,3
CO,840,A,$0.50 ,1,3
CT,35,E,$0.35 ,1,3
CT,35,F,$0.35 ,1,3
CT,35,G,$0.35 ,1,3
CT,35,K,$0.50 ,1,3
CT,35,O,$0.60 ,1,3
CT,35,P,$1.10 ,1,3
CT,40,A,$0.35 ,1,3
CT,40,B,$0.35 ,1,3
CT,70,A,$0.35 ,1,3
CT,130,C,$1.00 ,1,3
CT,210,A,$0.35 ,1,3
CT,210,B,$0.35 ,1,3
CT,210,F,$1.00 ,1,3
CT,210,G,$1.50 ,1,3
CT,210,J,$1.25 ,1,3
CT,240,B,$1.00 ,1,3
CT,290,H,$0.35 ,1,3
CT,290,I,$0.35 ,1,3
CT,290,K,$0.35 ,1,3
CT,290,Lb,$0.35 ,1,3
CT,290,N,$0.35 ,1,3
CT,305,E,$0.75 ,1,3
CT,305,N,$0.35 ,1,3
CT,305,Ob,$0.35 ,1,3
CT,305,P,$1.00 ,1,3
CT,305,Q,$1.00 ,1,3
CT,305,R,$0.35 ,1,3
CT,320,Ba,$2.00 ,1,3
CT,320,C,$1.00 ,1,3
CT,340,A,$1.00 ,1,3
CT,345,A,$3.50 ,1,3
CT,415,A,$2.00 ,1,3
CT,520,A,$0.35 ,1,3
CT,520,B,$0.35 ,1,3
CT,520,C,$1.00 ,1,3
CT,520,E,$0.35 ,1,3
CT,550,E,$6.00 ,1,3
CT,550,F,$7.00 ,1,3
CT,560,A,$0.50 ,1,3
CT,560,C,$1.00 ,1,3
CT,560,D,$1.00 ,1,3
CT,560,G,$0.35 ,1,3
DE,900,C,$0.35 ,1,4
DE,900,D,$0.35 ,1,4
DE,900,E,$0.35 ,1,4
DC,500,C,$0.35 ,1,4
DC,500,D,$2.50 ,1,4
DC,500,E,$4.00 ,1,4
DC,500,Ib,$3.50 ,1,4
DC,500,K,$0.35 ,1,4
DC,500,P,$0.35 ,2,4
DC,500,Q,$0.35 ,1,4
DC,500,R,$0.35 ,1,4
DC,500,S,$0.35 ,1,4
DC,500,T,$0.35 ,1,4
DC,500,U,$0.50 ,1,4
DC,500,V,$0.50 ,1,4
DC,500,W,$0.50 ,1,4
DC,500,X,$0.50 ,1,4
DC,500,Y,$0.35 ,1,4
DC,500,Z,$0.35 ,1,4
DC,500,AA,$0.35 ,1,4
DC,500,AB,$0.35 ,1,4
DC,500,AC,$0.35 ,1,4
DC,500,AD,$0.35 ,1,4
DC,500,AL,$0.50 ,1,4
DC,500,AM,$0.35 ,1,4
DC,500,AN,$0.35 ,1,4
DC,500,AO,$0.35 ,1,4
DC,500,AQ,$2.75 ,1,4
DC,997,B,$3.00 ,1,4
FL,60,C,$0.35 ,1,4
FL,105,C,$0.35 ,1,4
FL,105,E,$0.35 ,1,4
FL,105,F,$1.00 ,1,4
FL,130,B,$0.35 ,1,4
FL,130,C,$0.35 ,1,4
FL,130,D,$0.35 ,1,4
FL,260,A,$0.35 ,1,4
FL,300,L,$0.50 ,1,4
FL,380,A,$0.50 ,1,4
FL,380,L,$0.35 ,1,4
FL,380,N,$0.35 ,1,4
FL,380,T,$0.35 ,1,4
FL,380,X,$2.00 ,1,4
FL,405,A,$0.50 ,1,4
FL,460,A,$0.35 ,1,4
FL,460,B,$0.35 ,1,4
FL,530,C,$0.35 ,1,4
FL,530,D,$0.35 ,1,4
FL,530,F,$0.35 ,1,4
FL,530,I,$1.25 ,1,4
FL,622,A,$1.50 ,1,4
FL,671,B,$2.00 ,1,4
FL,671,D,$2.00 ,1,4
FL,671,E,$2.00 ,1,4
FL,690,B,$0.35 ,1,4
FL,710,B,$0.35 ,1,4
FL,710,C,$0.35 ,1,4
FL,710,E,$0.35 ,1,4
FL,840,D,$0.35 ,1,4
FL,840,E,$0.50 ,1,4
FL,840,H,$0.35 ,1,4
FL,880,C,$0.35 ,1,4
FL,880,K,$1.00 ,1,4
FL,880,M,$1.00 ,1,4
FL,885,A,$1.00 ,1,4
FL,885,B,$0.50 ,1,4
FL,885,C,$0.50 ,1,4
FL,900,B,$0.75 ,1,4
FL,900,C,$0.75 ,1,4
FL,900,D,$0.75 ,1,4
FL,900,E,$0.75 ,1,4
FL,900,F,$0.75 ,1,4
FL,900,G,$0.75 ,1,4
FL,900,H,$0.75 ,1,4
FL,910,E,$0.35 ,1,4
FL,910,H,$0.35 ,1,4
FL,910,I,$0.35 ,1,4
FL,930,A,$0.35 ,1,4
FL,930,B,$0.35 ,1,4
FL,1000,K,$5.00 ,1,4
GA,60,J,$0.35 ,1,4
GA,60,L,$0.35 ,1,4
GA,60,R,$0.35 ,1,4
GA,60,S,$0.35 ,1,4
GA,60,AD,$1.75 ,1,4
GA,60,AH,$1.75 ,2,4
GA,60,AI,$1.75 ,1,4
GA,60,AK,$1.75 ,1,4
GA,60,AL,$1.75 ,1,4
GA,60,AM,$1.75 ,1,4
GA,60,AO,$1.75 ,1,4
GA,70,B,$0.35 ,1,4
GA,70,D,$0.35 ,2,4
GA,70,E,$0.35 ,1,4
GA,200,A,$0.35 ,1,4
GA,240,E,$0.35 ,1,4
GA,450,A,$0.35 ,1,4
GA,450,B,$0.35 ,1,4
GA,580,D,$0.35 ,1,4
GA,580,E,$0.35 ,1,4
GA,580,F,$0.35 ,1,4
GA,780,A,$0.35 ,1,5
GA,780,B,$0.35 ,1,5
GA,780,C,$0.35 ,1,5
GA,780,D,$0.35 ,1,5
GA,780,E,$0.35 ,1,5
GA,780,F,$0.35 ,1,5
GA,780,G,$0.35 ,1,5
GA,780,H,$0.35 ,1,5
GA,780,I,$0.35 ,1,5
GA,780,K,$0.35 ,1,5
GA,780,Nb,$1.50 ,1,5
HI,240,C,$0.35 ,1,5
HI,240,D,$0.35 ,1,5
HI,240,F,$1.00 ,1,5
ID,100,B,$3.50 ,1,5
ID,100,G,$0.50 ,1,5
ID,100,H,$1.00 ,1,5
ID,100,Q,$0.50 ,1,5
ID,100,R,$1.00 ,1,5
ID,380,K,$0.60 ,1,5
ID,380,M,$1.00 ,1,5
ID,440,M,$0.50 ,1,5
IL,10,D,$0.35 ,1,5
IL,10,E,$0.35 ,1,5
IL,25,B,$0.50 ,1,5
IL,70,J,$0.35 ,1,5
IL,70,L,$0.40 ,1,5
IL,95,D,$0.35 ,1,5
IL,130,F,$0.35 ,1,5
IL,135,A,$0.50 ,1,5
IL,135,B,$0.50 ,1,5
IL,135,G,$0.35 ,1,5
IL,135,H,$0.35 ,1,5
IL,135,K,$0.35 ,1,5
IL,150,T,$0.35 ,1,5
IL,150,Z,$1.50 ,1,5
IL,150,AB,$1.50 ,1,5
IL,150,AC,$0.75 ,1,5
IL,150,AI,$1.50 ,1,5
IL,190,C,$2.50 ,1,5
IL,190,F,$0.35 ,1,5
IL,190,G,$0.35 ,1,5
IL,195,C,$0.50 ,1,5
IL,205,A,$0.35 ,1,5
IL,205,B,$0.50 ,1,5
IL,205,C,$0.35 ,1,5
IL,250,B,$0.50 ,1,5
IL,250,D,$0.35 ,1,5
IL,250,E,$0.35 ,1,5
IL,250,F,$0.35 ,1,5
IL,250,G,$0.35 ,1,5
IL,250,H,$0.35 ,1,5
IL,250,I,$0.35 ,1,5
IL,250,K,$3.00 ,1,5
IL,270,C,$0.35 ,1,5
IL,285,A,$0.35 ,1,5
IL,285,E,$0.35 ,1,5
IL,285,F,$0.35 ,1,5
IL,285,G,$0.35 ,1,5
IL,455,I,$0.50 ,1,5
IL,475,D,$0.35 ,1,5
IL,495,E,$0.75 ,2,5
IL,495,F,$0.35 ,1,5
IL,495,G,$0.35 ,1,5
IL,530,A,$3.00 ,1,5
IL,530,E,$0.35 ,1,5
IL,530,F,$0.50 ,1,5
IL,535,B,$0.75 ,1,5
IL,640,A,$0.35 ,1,5
IL,690,B,$0.35 ,1,5
IL,690,C,$0.35 ,1,5
IL,690,D,$0.35 ,1,5
IL,690,E,$0.35 ,1,5
IL,690,F,$0.35 ,1,5
IL,720,B,$0.75 ,1,5
IL,720,C,$0.50 ,1,5
IL,720,I,$0.35 ,1,5
IL,755,B,$0.50 ,1,5
IL,755,D,$0.75 ,1,5
IL,755,E,$0.35 ,1,5
IL,755,F,$0.35 ,1,5
IL,755,G,$0.35 ,1,5
IL,755,J,$0.50 ,1,5
IL,760,F,$0.35 ,1,5
IL,760,H,$0.35 ,1,5
IL,760,I,$0.35 ,1,5
IL,760,J,$0.35 ,1,5
IL,760,K,$0.35 ,1,5
IL,760,L,$1.00 ,1,5
IL,760,M,$0.50 ,1,5
IL,760,N,$0.35 ,1,5
IL,760,O,$0.35 ,1,5
IL,760,P,$0.35 ,1,5
IL,760,Q,$0.50 ,1,5
IL,785,A,$1.00 ,1,5
IL,795,IA,$0.35 ,1,5
IL,795,J,$0.35 ,1,5
IL,795,L,$0.35 ,1,5
IL,795,M,$0.35 ,1,5
IL,795,O,$1.00 ,1,5
IL,795,S,$0.35 ,1,5
IL,795,W,$0.35 ,1,5
IL,795,X,$1.00 ,1,5
IL,855,A,$12.00 ,1,5
IL,890,A,$0.35 ,1,5
IL,890,B,$0.35 ,1,5
IL,890,C,$0.35 ,1,5
IL,890,D,$0.35 ,1,5
IL,890,E,$0.35 ,1,5
IL,950,C,$2.00 ,1,5
IL,955,A,$0.50 ,1,5
IN,20,E,$0.35 ,1,5
IN,180,C,$0.35 ,1,5
IN,180,K,$0.50 ,1,5
IN,180,L,$0.50 ,1,5
IN,260,A,$0.35 ,1,5
IN,260,B,$0.35 ,1,5
IN,260,C,$0.35 ,1,5
IN,260,D,$0.35 ,1,5
IN,260,F,$1.00 ,1,5
IN,270,A,$0.35 ,1,5
IN,280,C,$0.35 ,1,5
IN,280,D,$0.35 ,1,5
IN,280,E,$0.35 ,1,6
IN,280,F,$0.35 ,1,6
IN,280,G,$0.35 ,1,6
IN,290,A,$0.35 ,1,6
IN,290,B,$0.35 ,1,6
IN,290,C,$0.35 ,1,6
IN,290,D,$0.35 ,1,6
IN,290,G,$2.00 ,1,6
IN,330,D,$0.35 ,1,6
IN,330,E,$0.35 ,1,6
IN,330,M,$0.50 ,1,6
IN,330,N,$1.00 ,1,6
IN,330,O,$0.50 ,1,6
IN,350,C,$0.35 ,1,6
IN,390,B,$0.35 ,1,6
IN,460,D,$0.35 ,1,6
IN,460,R,$0.35 ,1,6
IN,460,T,$0.35 ,2,6
IN,460,U,$0.35 ,1,6
IN,460,V,$0.35 ,1,6
IN,460,W,$0.35 ,2,6
IN,460,AD,$1.00 ,1,6
IN,510,G,$0.35 ,1,6
IN,510,H,$0.50 ,1,6
IN,520,B,$0.35 ,1,6
IN,520,D,$1.50 ,1,6
IN,520,E,$0.35 ,1,6
IN,520,F,$1.50 ,1,6
IN,520,G,$0.50 ,1,6
IN,520,J,$0.50 ,1,6
IN,530,A,$0.50 ,1,6
IN,530,E,$0.35 ,1,6
IN,530,G,$0.35 ,1,6
IN,540,C,$0.50 ,1,6
IN,570,A,$0.35 ,1,6
IN,570,B,$0.50 ,1,6
IN,570,C,$1.50 ,1,6
IN,570,D,$1.50 ,1,6
IN,590,A,$0.35 ,1,6
IN,610,F,$0.35 ,1,6
IN,610,H,$0.35 ,1,6
IN,660,A,$0.35 ,1,6
IN,660,B,$0.35 ,1,6
IN,660,C,$0.35 ,1,6
IN,660,E,$0.35 ,1,6
IN,660,F,$0.35 ,1,6
IN,660,G,$0.35 ,1,6
IN,680,D,$0.35 ,1,6
IN,680,E,$0.35 ,1,6
IN,680,F,$0.35 ,1,6
IN,690,A,$0.35 ,1,6
IN,710,A,$0.50 ,1,6
IN,710,B,$0.50 ,1,6
IN,740,A,$0.35 ,1,6
IN,820,C,$1.00 ,1,6
IN,820,D,$1.00 ,1,6
IN,820,E,$1.50 ,1,6
IN,860,B,$0.35 ,1,6
IN,860,D,$0.35 ,1,6
IN,860,F,$0.35 ,1,6
IN,860,G,$0.35 ,1,6
IN,860,I,$0.35 ,1,6
IN,860,J,$0.35 ,1,6
IN,860,K,$0.35 ,1,6
IN,890,D,$0.50 ,1,6
IN,890,E,$0.35 ,1,6
IN,930,E,$2.00 ,1,6
IN,940,A,$0.35 ,1,6
IN,950,E,$1.00 ,1,6
IN,950,F,$1.00 ,1,6
IN,950,G,$0.70 ,1,6
IN,960,C,$0.35 ,1,6
IN,997,A,$0.35 ,1,6
IN,997,B,$0.35 ,1,6
IN,997,C,$0.35 ,1,6
IN,997,D,$0.35 ,1,6
IN,1000,A,$2.00 ,1,6
IN,1000,B,$2.00 ,1,6
IN,1000,D,$2.00 ,1,6
IN,1000,E,$2.00 ,1,6
IN,1000,I,$3.50 ,1,6
IA,30,B,$1.00 ,1,6
IA,30,D,$3.00 ,1,6
IA,30,F,$0.35 ,1,6
IA,30,G,$0.35 ,1,6
IA,50,C,$0.50 ,1,6
IA,77,B,$1.00 ,1,6
IA,77,G,$0.60 ,1,6
IA,77,H,$1.00 ,1,6
IA,100,B,$0.35 ,1,6
IA,110,H,$0.35 ,1,6
IA,110,L,$1.25 ,1,6
IA,110,M,$1.50 ,1,6
IA,150,D,$0.50 ,1,6
IA,150,E,$1.50 ,1,6
IA,150,G,$0.35 ,1,6
IA,180,C,$3.50 ,1,6
IA,230,D,$5.00 ,1,6
IA,230,F,$0.35 ,1,6
IA,230,H,$0.35 ,1,6
IA,230,I,$0.35 ,1,6
IA,230,J,$0.50 ,1,6
IA,230,K,$0.35 ,1,6
IA,230,M,$3.50 ,1,6
IA,240,C,$1.00 ,1,6
IA,270,B,$0.35 ,1,6
IA,270,C,$0.35 ,1,6
IA,270,D,$0.60 ,1,6
IA,300,I,$0.50 ,1,6
IA,300,K,$1.00 ,1,6
IA,300,L,$0.50 ,1,6
IA,300,P,$1.00 ,1,6
IA,310,C,$0.35 ,1,6
IA,310,Ea,$2.50 ,1,6
IA,310,F,$0.35 ,1,6
IA,310,G,$0.35 ,1,6
IA,380,R,$0.35 ,1,6
IA,380,T,$0.50 ,1,6
IA,380,U,$1.00 ,1,6
IA,380,V,$2.50 ,1,6
IA,390,D,$0.35 ,1,7
IA,450,A,$1.25 ,1,7
IA,450,B,$2.00 ,1,7
IA,480,A,$1.00 ,1,7
IA,480,C,$0.35 ,1,7
IA,600,A,$1.00 ,1,7
IA,600,B,$0.35 ,1,7
IA,600,E,$0.35 ,1,7
IA,640,T,$0.35 ,1,7
IA,640,U,$0.35 ,1,7
IA,640,V,$0.35 ,1,7
IA,640,W,$0.35 ,1,7
IA,730,A,$1.00 ,1,7
IA,740,K,$0.35 ,1,7
IA,800,B,$2.50 ,1,7
IA,800,C,$2.50 ,1,7
IA,850,Oa,$0.75 ,1,7
IA,850,Ob,$0.75 ,1,7
IA,850,R,$0.35 ,1,7
IA,850,S,$0.35 ,1,7
IA,850,T,$0.35 ,1,7
IA,850,V,$0.35 ,1,7
IA,850,W,$0.35 ,1,7
IA,850,X,$0.50 ,1,7
IA,930,E,$0.35 ,1,7
IA,930,F,$0.35 ,1,7
IA,930,Ga,$0.35 ,1,7
IA,930,H,$0.35 ,1,7
IA,930,I,$0.35 ,1,7
IA,930,J,$0.35 ,2,7
KS,150,C,$2.50 ,1,7
KS,250,B,$0.50 ,1,7
KS,290,A,$1.00 ,1,7
KS,450,F,$1.00 ,1,7
KS,450,G,$1.00 ,1,7
KS,480,B,$0.75 ,1,7
KS,495,A,$2.50 ,1,7
KS,495,B,$2.50 ,1,7
KS,550,B,$0.75 ,1,7
KS,550,C,$0.35 ,1,7
KS,600,E,$1.00 ,1,7
KS,820,D,$0.35 ,1,7
KS,820,F,$3.00 ,1,7
KS,820,G,$0.50 ,1,7
KS,820,H,$0.75 ,1,7
KS,820,I,$0.50 ,1,7
KS,880,A,$75.00 ,1,7
KS,880,B,$0.75 ,1,7
KS,940,A,$0.35 ,1,7
KS,940,B,$0.35 ,1,7
KS,940,C,$0.35 ,1,7
KS,940,D,$0.50 ,1,7
KS,940,F,$0.35 ,1,7
KS,940,J,$0.35 ,1,7
KS,940,K,$0.35 ,1,7
KS,940,L,$0.50 ,1,7
KS,970,B,$0.35 ,1,7
KS,970,C,$0.35 ,1,7
KS,970,E,$0.35 ,1,7
KS,970,G,$0.35 ,1,7
KS,970,H,$0.35 ,1,7
KS,970,K,$0.35 ,1,7
KS,970,L,$0.35 ,1,7
KS,970,N,$0.60 ,1,7
KS,998,A,$1.50 ,1,7
KS,998,B,$1.50 ,1,7
KY,10,G,$0.35 ,1,7
KY,10,H,$0.35 ,1,7
KY,10,I,$0.35 ,1,7
KY,150,B,$0.35 ,1,7
KY,150,C,$0.35 ,1,7
KY,150,D,$0.35 ,1,7
KY,480,L,$2.00 ,1,7
KY,480,M,$1.00 ,1,7
KY,480,Ra,$1.00 ,1,7
KY,480,S,$1.50 ,1,7
KY,480,U,$0.50 ,1,7
KY,480,X,$1.50 ,1,7
KY,510,AK,$2.00 ,1,7
KY,510,AM,$0.35 ,1,7
KY,510,AN,$0.35 ,1,7
KY,510,BD,$2.00 ,1,7
KY,510,BJ,$3.00 ,1,7
KY,510,BS,$0.35 ,1,7
KY,640,A,$0.35 ,1,7
KY,670,D,$0.35 ,1,7
KY,670,Fb,$0.50 ,1,7
KY,670,H,$1.00 ,1,7
KY,670,N,$1.00 ,1,7
KY,670,O,$0.50 ,1,7
KY,670,Q,$1.00 ,1,7
KY,680,L,$0.35 ,1,7
KY,680,N,$0.60 ,1,7
KY,680,AA,$0.35 ,1,7
LA,30,B,$0.35 ,1,7
LA,30,C,$0.35 ,1,7
LA,30,D,$0.35 ,1,7
LA,80,A,$0.35 ,1,7
LA,80,B,$1.50 ,1,7
LA,520,A,$3.00 ,1,7
LA,670,A,$0.35 ,1,7
LA,670,H,$0.35 ,1,7
LA,670,N,$0.60 ,1,7
LA,1000,C,$2.00 ,1,7
ME,200,A,$1.25 ,2,7
ME,200,B,$1.25 ,1,7
ME,200,D,$2.00 ,1,7
ME,200,G,$2.00 ,1,7
ME,200,H,$2.00 ,1,7
ME,710,A,$3.00 ,1,7
MD,40,A,$0.50 ,1,8
MD,60,I,$5.00 ,8,8
MD,60,T,$1.00 ,1,8
MD,60,AI,$0.35 ,1,8
MD,60,AJ,$0.35 ,1,8
MD,60,AK,$1.00 ,1,8
MD,60,AM,$0.35 ,1,8
MD,60,AT,$0.35 ,1,8
MD,60,AV,$0.75 ,1,8
MD,60,AX,$0.35 ,1,8
MD,60,AY,$0.40 ,1,8
MD,60,AZ,$1.00 ,1,8
MD,60,BA,$1.00 ,1,8
MD,620,A,$1.50 ,1,8
MD,620,E,$2.00 ,1,8
MD,620,F,$2.00 ,1,8
MD,670,A,$1.00 ,1,8
MD,670,B,$1.00 ,1,8
MD,670,C,$1.00 ,1,8
MD,670,D,$1.00 ,1,8
MD,670,E,$1.00 ,1,8
MD,670,F,$1.00 ,1,8
MD,670,G,$1.00 ,1,8
MD,670,H,$1.00 ,1,8
MD,820,A,$0.50 ,1,8
MD,820,C,$1.10 ,1,8
MA,50,A,$7.00 ,2,8
MA,115,G,$0.35 ,1,8
MA,115,L,$1.25 ,1,8
MA,115,AK,$10.00 ,2,8
MA,115,AM,$2.00 ,1,8
MA,115,AN,$1.25 ,1,8
MA,115,AO,$2.00 ,1,8
MA,115,AP,$1.50 ,1,8
MA,115,AR,$3.50 ,1,8
MA,135,A,$0.35 ,1,8
MA,135,B,$0.35 ,1,8
MA,135,C,$0.50 ,1,8
MA,210,A,$0.35 ,1,8
MA,270,A,$0.35 ,1,8
MA,275,Aa,$0.75 ,1,8
MA,275,Ba,$0.75 ,1,8
MA,275,Ca,$0.75 ,1,8
MA,275,D,$0.75 ,1,8
MA,275,E,$0.35 ,1,8
MA,305,B,$4.00 ,1,8
MA,305,D,$1.00 ,1,8
MA,355,A,$0.35 ,1,8
MA,355,B,$0.35 ,1,8
MA,430,B,$0.75 ,1,8
MA,430,D,$0.75 ,1,8
MA,540,B,$0.75 ,1,8
MA,550,B,$1.00 ,1,8
MA,550,E,$0.50 ,1,8
MA,550,H,$0.75 ,1,8
MA,550,I,$1.00 ,1,8
MA,550,J,$1.00 ,1,8
MA,550,O,$1.00 ,1,8
MA,550,Q,$0.35 ,1,8
MA,645,C,$2.00 ,1,8
MA,650,A,$0.50 ,1,8
MA,695,A,$1.50 ,1,8
MA,760,A,$0.35 ,1,8
MA,760,B,$0.35 ,1,8
MA,760,C,$0.35 ,1,8
MA,760,G,$0.35 ,1,8
MA,930,A,$3.50 ,1,8
MA,1000,B,$1.00 ,1,8
MI,5,D,$3.00 ,1,8
MI,5,E,$1.00 ,1,8
MI,5,F,$1.00 ,1,8
MI,5,G,$2.00 ,1,8
MI,5,O,$1.00 ,1,8
MI,5,P,$1.00 ,1,8
MI,5,Q,$2.00 ,1,8
MI,5,R,$1.00 ,1,8
MI,5,S,$1.00 ,1,8
MI,20,C,$1.75 ,1,8
MI,40,B,$0.60 ,1,8
MI,40,C,$0.50 ,1,8
MI,40,G,$1.00 ,1,8
MI,40,E,$0.35 ,1,8
MI,55,A,$3.00 ,1,8
MI,60,A,$0.75 ,1,8
MI,60,Bb,$0.75 ,1,8
MI,60,D,$0.75 ,1,8
MI,60,F,$1.00 ,1,8
MI,65,J,$0.35 ,1,8
MI,68,E,$1.00 ,1,8
MI,75,A,$0.75 ,1,9
MI,75,D,$0.35 ,1,9
MI,75,E,$0.35 ,1,9
MI,75,F,$0.35 ,1,9
MI,75,G,$0.35 ,3,9
MI,75,H,$0.35 ,1,9
MI,75,I,$1.00 ,1,9
MI,75,J,$0.35 ,2,9
MI,75,K,$0.35 ,1,9
MI,75,N,$1.00 ,1,9
MI,75,Q,$1.00 ,1,9
MI,75,R,$3.20 ,1,9
MI,75,T,$1.00 ,1,9
MI,125,B,$1.00 ,1,9
MI,135,D,$0.60 ,1,9
MI,165,A,$1.00 ,1,9
MI,165,D,$2.00 ,1,9
MI,165,E,$2.00 ,1,9
MI,165,F,$1.00 ,1,9
MI,165,G,$3.00 ,1,9
MI,225,F,$0.35 ,1,9
MI,225,G,$0.35 ,1,9
MI,225,H,$0.35 ,1,9
MI,225,J,$0.35 ,1,9
MI,225,K,$0.35 ,1,9
MI,225,P,$2.50 ,2,9
MI,225,T,$0.50 ,1,9
MI,225,W,$3.50 ,1,9
MI,285,C,$0.35 ,1,9
MI,285,E,$0.50 ,1,9
MI,285,F,$0.50 ,1,9
MI,285,G,$0.50 ,2,9
MI,285,Ha,$0.75 ,1,9
MI,285,Hb,$0.75 ,1,9
MI,285,Ib,$0.75 ,1,9
MI,285,Ja,$1.00 ,1,9
MI,285,K,$1.00 ,1,9
MI,315,B,$0.50 ,1,9
MI,315,C,$0.50 ,1,9
MI,345,C,$0.75 ,1,9
MI,360,M,$0.50 ,1,9
MI,370,D,$0.35 ,1,9
MI,370,J,$0.35 ,1,9
MI,370,K,$0.35 ,1,9
MI,370,Q,$0.50 ,1,9
MI,380,A,$0.50 ,1,9
MI,390,D,$1.00 ,1,9
MI,390,E,$2.00 ,1,9
MI,395,F,$0.50 ,1,9
MI,455,Ab,$5.00 ,1,9
MI,460,A,$0.50 ,1,9
MI,475,D,$1.00 ,1,9
MI,475,E,$2.00 ,1,9
MI,495,C,$0.50 ,1,9
MI,495,E,$0.75 ,1,9
MI,495,F,$1.00 ,1,9
MI,500,A,$0.35 ,1,9
MI,525,D,$3.50 ,1,9
MI,525,Ea,$1.00 ,1,9
MI,525,F,$0.50 ,1,9
MI,525,G,$0.50 ,1,9
MI,525,J,$2.00 ,1,9
MI,530,D,$0.50 ,1,9
MI,530,F,$0.35 ,1,9
MI,530,G,$0.35 ,1,9
MI,530,H,$3.00 ,1,9
MI,530,L,$0.35 ,1,9
MI,530,M,$0.35 ,1,9
MI,530,Q,$0.35 ,1,9
MI,530,S,$0.50 ,2,9
MI,560,B,$0.50 ,1,9
MI,560,C,$3.50 ,1,9
MI,560,D,$0.50 ,1,9
MI,560,F,$5.50 ,1,9
MI,560,H,$0.50 ,1,9
MI,560,T,$1.00 ,1,9
MI,560,U,$1.00 ,1,9
MI,560,V,$1.00 ,1,9
MI,585,D,$0.35 ,1,9
MI,585,H,$1.00 ,1,9
MI,650,A,$5.00 ,1,9
MI,670,D,$0.35 ,1,9
MI,680,E,$0.50 ,1,9
MI,680,K,$0.35 ,1,9
MI,680,L,$0.35 ,1,9
MI,680,M,$0.35 ,1,9
MI,680,O,$0.35 ,1,9
MI,680,P,$0.35 ,1,9
MI,680,Q,$0.35 ,1,9
MI,680,U,$0.35 ,1,9
MI,735,E,$0.35 ,1,9
MI,735,F,$1.00 ,1,9
MI,765,A,$2.00 ,1,9
MI,770,F,$0.35 ,1,9
MI,773,A,$1.50 ,1,9
MI,775,D,$0.35 ,1,10
MI,785,F,$0.75 ,1,10
MI,785,H,$1.50 ,1,10
MI,785,I,$2.00 ,1,10
MI,785,J,$0.75 ,1,10
MI,845,G,$0.75 ,2,10
MI,860,A,$2.50 ,1,10
MI,860,B,$2.50 ,1,10
MI,860,C,$2.50 ,1,10
MI,860,D,$2.50 ,1,10
MI,860,E,$2.50 ,1,10
MI,860,I,$2.50 ,1,10
MI,885,C,$2.00 ,1,10
MN,30,G,$2.00 ,1,10
MN,30,H,$1.00 ,1,10
MN,40,B,$1.35 ,1,10
MN,50,M,$3.50 ,1,10
MN,50,O,$3.50 ,1,10
MN,70,A,$1.00 ,1,10
MN,70,C,$3.00 ,1,10
MN,70,G,$1.50 ,1,10
MN,70,H,$2.00 ,1,10
MN,70,I,$2.50 ,1,10
MN,80,A,$4.00 ,1,10
MN,90,B,$1.25 ,1,10
MN,90,C,$0.50 ,1,10
MN,110,E,$1.00 ,1,10
MN,120,B,$0.75 ,1,10
MN,120,C,$1.00 ,1,10
MN,148,Aa,$1.00 ,1,10
MN,148,E,$1.00 ,1,10
MN,148,Gb,$1.00 ,1,10
MN,148,H,$1.50 ,1,10
MN,148,I,$0.50 ,1,10
MN,148,L,$1.50 ,1,10
MN,177,A,$1.00 ,1,10
MN,180,A,$1.00 ,1,10
MN,190,B,$0.35 ,1,10
MN,210,A,$1.00 ,1,10
MN,210,B,$1.00 ,1,10
MN,210,C,$1.25 ,1,10
MN,230,G,$1.00 ,1,10
MN,230,H,$1.00 ,1,10
MN,230,I,$0.50 ,1,10
MN,230,K,$0.50 ,1,10
MN,230,M,$1.00 ,1,10
MN,230,O,$0.35 ,1,10
MN,230,R,$0.35 ,1,10
MN,245,A,$1.25 ,1,10
MN,300,B,$0.35 ,1,10
MN,370,A,$1.00 ,1,10
MN,370,B,$1.50 ,1,10
MN,380,A,$2.00 ,1,10
MN,380,B,$1.00 ,1,10
MN,380,C,$0.50 ,1,10
MN,410,B,$1.00 ,1,10
MN,460,A,$6.00 ,1,10
MN,460,D,$2.00 ,1,10
MN,460,E,$2.00 ,1,10
MN,480,A,$1.25 ,1,10
MN,480,C,$1.50 ,1,10
MN,480,D,$1.50 ,1,10
MN,480,E,$2.00 ,1,10
MN,480,F,$3.00 ,1,10
MN,480,G,$4.00 ,1,10
MN,480,H,$5.00 ,1,10
MN,510,A,$20.00 ,1,10
MN,510,B,$3.50 ,1,10
MN,510,D,$0.75 ,1,10
MN,510,E,$1.00 ,1,10
MN,510,F,$1.00 ,1,10
MN,510,G,$1.50 ,1,10
MN,520,B,$1.00 ,1,10
MN,540,F,$0.35 ,1,10
MN,540,G,$0.35 ,1,10
MN,540,H,$0.35 ,1,10
MN,540,I,$0.35 ,1,10
MN,540,J,$0.35 ,1,10
MN,540,L,$0.35 ,1,10
MN,540,M,$0.50 ,1,10
MN,540,N,$0.50 ,1,10
MN,540,P,$0.50 ,1,10
MN,540,Q,$0.50 ,1,10
MN,540,Xb,$1.00 ,1,10
MN,540,Z,$2.00 ,1,10
MN,540,AA,$3.50 ,1,10
MN,540,AB,$2.00 ,1,10
MN,540,AC,$1.50 ,1,10
MN,540,AD,$1.50 ,1,11
MN,540,AF,$0.35 ,1,11
MN,540,AI,$0.35 ,1,11
MN,540,AJ,$5.00 ,1,11
MN,540,AK,$6.00 ,1,11
MN,540,AN,$1.25 ,1,11
MN,560,C,$0.50 ,1,11
MN,575,A,$0.50 ,1,11
MN,600,B,$3.00 ,1,11
MN,600,C,$0.50 ,1,11
MN,600,E,$1.00 ,1,11
MN,660,D,$1.25 ,1,11
MN,660,E,$1.25 ,1,11
MN,665,B,$2.00 ,1,11
MN,680,F,$0.75 ,1,11
MN,680,G,$0.75 ,1,11
MN,720,B,$0.75 ,1,11
MN,730,B,$3.00 ,1,11
MN,730,C,$3.00 ,1,11
MN,730,F,$0.50 ,1,11
MN,730,H,$0.35 ,1,11
MN,730,I,$0.35 ,1,11
MN,730,K,$0.35 ,1,11
MN,730,L,$0.35 ,1,11
MN,730,M,$0.75 ,1,11
MN,730,N,$0.35 ,1,11
MN,760,D,$0.35 ,1,11
MN,760,E,$3.00 ,1,11
MN,820,A,$1.00 ,1,11
MN,820,D,$0.50 ,1,11
MN,820,F,$3.00 ,1,11
MN,855,C,$1.50 ,1,11
MN,900,H,$1.25 ,1,11
MN,965,A,$1.50 ,1,11
MN,980,B,$9.00 ,1,11
MN,980,C,$0.35 ,1,11
MN,980,F,$0.35 ,1,11
MN,980,G,$0.50 ,1,11
MN,980,K,$0.40 ,1,11
MS,350,A,$1.50 ,1,11
MS,460,F,$3.50 ,1,11
MS,460,J,$0.35 ,1,11
MO,140,E,$0.35 ,1,11
MO,230,A,$0.50 ,1,11
MO,370,D,$3.50 ,1,11
MO,370,F,$0.35 ,1,11
MO,370,G,$0.50 ,1,11
MO,370,H,$0.50 ,1,11
MO,420,C,$0.75 ,1,11
MO,420,G,$0.35 ,1,11
MO,430,F,$10.00 ,1,11
MO,440,A,$7.50 ,1,11
MO,440,B,$0.50 ,1,11
MO,440,C,$0.35 ,1,11
MO,440,D,$0.50 ,1,11
MO,440,E,$0.35 ,1,11
MO,440,J,$0.35 ,1,11
MO,440,K,$0.35 ,1,11
MO,440,L,$0.35 ,1,11
MO,440,O,$0.35 ,1,11
MO,440,P,$0.35 ,1,11
MO,440,Q,$2.50 ,1,11
MO,440,W,$0.50 ,1,11
MO,668,A,$1.00 ,1,11
MO,668,B,$1.00 ,1,11
MO,668,C,$1.00 ,1,11
MO,668,D,$1.00 ,1,11
MO,820,A,$0.35 ,1,11
MO,820,B,$0.75 ,1,11
MO,860,H,$0.35 ,1,11
MO,880,B,$0.35 ,1,11
MO,880,D,$3.00 ,1,11
MO,880,G,$0.35 ,1,11
MO,880,H,$0.35 ,1,11
MO,910,C,$0.35 ,1,11
MO,910,D,$0.35 ,1,11
MO,910,E,$0.35 ,1,11
MO,910,G,$0.35 ,1,11
MO,910,Ha,$0.35 ,1,11
MO,910,Hb,$0.35 ,1,11
MO,910,I,$0.50 ,1,11
MO,910,J,$0.35 ,1,11
MO,910,K,$0.35 ,1,11
MO,910,L,$0.35 ,1,11
MO,910,M,$0.35 ,1,11
MO,910,O,$0.50 ,1,11
MO,910,T,$1.00 ,1,11
MO,910,Y,$5.00 ,1,11
MO,910,AA,$0.75 ,1,11
MO,960,A,$0.75 ,1,11
MO,998,Y,$1.00 ,1,11
MT,80,A,$2.00 ,1,12
MT,80,D,$3.50 ,1,12
MT,80,E,$1.00 ,1,12
MT,80,F,$3.00 ,1,12
MT,80,G,$1.00 ,1,12
MT,80,I,$1.00 ,1,12
MT,140,A,$2.50 ,1,12
MT,140,B,$3.50 ,1,12
MT,140,D,$0.35 ,1,12
MT,380,B,$3.50 ,1,12
MT,380,C,$0.35 ,1,12
MT,380,D,$0.35 ,1,12
MT,480,F,$2.00 ,1,12
MT,480,M,$2.00 ,1,12
MT,480,N,$0.85 ,1,12
MT,480,O,$1.00 ,1,12
MT,500,A,$3.00 ,1,12
MT,660,C,$2.00 ,1,12
MT,660,F,$0.35 ,1,12
MT,660,G,$0.35 ,1,12
MT,660,H,$0.50 ,1,12
MT,660,I,$0.50 ,1,12
MT,660,K,$0.50 ,1,12
MT,660,L,$0.50 ,1,12
MT,660,M,$0.50 ,1,12
MT,660,N,$0.50 ,1,12
MT,660,O,$0.50 ,1,12
MT,660,P,$0.50 ,1,12
MT,660,Q,$0.50 ,1,12
MT,660,R,$0.50 ,1,12
MT,660,S,$0.50 ,1,12
MT,660,U,$0.50 ,1,12
MT,660,V,$0.50 ,1,12
MT,660,W,$0.50 ,1,12
MT,660,X,$0.50 ,1,12
MT,660,Y,$0.50 ,1,12
MT,660,Z,$0.50 ,1,12
MT,660,AA,$0.50 ,1,12
MT,660,AB,$0.50 ,1,12
MT,660,AC,$0.50 ,1,12
MT,660,AD,$0.50 ,1,12
MT,660,AE,$0.50 ,1,12
MT,660,AF,$0.50 ,1,12
MT,660,AG,$0.50 ,1,12
MT,660,AH,$0.50 ,1,12
MT,660,AI,$0.50 ,1,12
MT,660,AJ,$0.50 ,1,12
MT,660,AK,$0.50 ,1,12
MT,660,AL,$0.50 ,1,12
MT,660,AM,$0.50 ,1,12
MT,660,AN,$0.50 ,1,12
MT,660,AO,$0.50 ,1,12
MT,660,AP,$0.50 ,1,12
MT,660,AQ,$0.50 ,1,12
MT,660,AR,$0.50 ,1,12
MT,660,AS,$0.50 ,1,12
MT,660,AT,$0.50 ,1,12
MT,660,AU,$0.50 ,1,12
MT,660,AV,$0.50 ,1,12
MT,660,AW,$1.50 ,1,12
MT,660,AY,$0.50 ,1,12
MT,660,BK,$0.75 ,1,12
NE,130,C,$1.00 ,1,12
NE,305,A,$0.50 ,1,12
NE,305,D,$5.00 ,1,12
NE,360,G,$0.75 ,1,12
NE,420,D,$0.50 ,1,12
NE,420,F,$0.35 ,1,12
NE,420,G,$0.75 ,1,12
NE,540,Q,$0.35 ,1,12
NE,540,X,$0.35 ,1,12
NE,540,Y,$0.35 ,1,12
NE,540,AE,$0.60 ,1,12
NE,580,A,$5.00 ,1,12
NE,660,A,$0.35 ,1,12
NE,700,F,$1.00 ,1,12
NE,700,G,$0.35 ,1,12
NE,700,I,$0.35 ,1,12
NE,700,J,$0.35 ,1,12
NE,700,K,$0.35 ,1,12
NE,700,Wa,$3.50 ,1,12
NE,980,D,$4.00 ,1,12
NV,500,A,$3.00 ,1,12
NV,500,C,$1.00 ,1,12
NV,500,F,$2.50 ,1,12
NV,500,G,$2.00 ,1,12
NV,500,H,$1.00 ,1,12
NV,500,I,$15.00 ,2,12
NV,500,L,$2.00 ,1,12
NV,700,A,$0.55 ,1,12
NH,500,B,$1.00 ,1,12
NH,615,A,$1.50 ,1,12
NH,615,C,$8.00 ,1,12
NH,615,E,$8.00 ,5,12
NH,640,A,$0.35 ,1,12
NH,640,B,$0.35 ,1,12
NH,640,D,$0.35 ,1,12
NH,640,L,$0.50 ,1,12
NH,640,M,$0.50 ,1,12
NH,720,A,$0.35 ,1,12
NH,720,B,$0.35 ,1,12
NH,720,C,$0.35 ,1,12
NH,720,D,$0.35 ,1,12
NH,1000,C,$1.00 ,1,12
NJ,15,A,$0.35 ,1,13
NJ,15,B,$0.35 ,1,13
NJ,20,E,$0.35 ,1,13
NJ,20,F,$0.35 ,1,13
NJ,20,G,$0.35 ,1,13
NJ,20,H,$0.35 ,1,13
NJ,30,A,$3.00 ,1,13
NJ,35,Aa,$0.50 ,1,13
NJ,35,Ab,$0.50 ,1,13
NJ,115,C,$0.35 ,1,13
NJ,115,D,$0.35 ,1,13
NJ,115,E,$0.50 ,1,13
NJ,115,F,$0.35 ,1,13
NJ,115,G,$0.35 ,1,13
NJ,115,I,$0.60 ,1,13
NJ,115,J,$2.50 ,1,13
NJ,115,K,$5.00 ,1,13
NJ,115,M,$2.50 ,1,13
NJ,120,A,$0.50 ,1,13
NJ,120,B,$3.00 ,1,13
NJ,120,G,$1.75 ,1,13
NJ,150,A,$3.00 ,1,13
NJ,150,B,$3.00 ,1,13
NJ,150,C,$3.00 ,1,13
NJ,150,D,$3.00 ,1,13
NJ,200,A,$0.50 ,1,13
NJ,220,A,$1.00 ,1,13
NJ,260,A,$1.50 ,1,13
NJ,390,E,$7.50 ,1,13
NJ,390,F,$7.50 ,1,13
NJ,465,A,$0.50 ,1,13
NJ,555,C,$0.50 ,1,13
NJ,555,E,$0.35 ,1,13
NJ,570,A,$0.35 ,1,13
NJ,570,B,$0.35 ,1,13
NJ,570,C,$0.35 ,1,13
NJ,570,E,$0.35 ,1,13
NJ,585,A,$1.75 ,1,13
NJ,650,A,$1.50 ,1,13
NJ,710,A,$0.75 ,1,13
NJ,710,C,$3.00 ,1,13
NJ,710,D,$2.00 ,1,13
NJ,825,A,$0.50 ,1,13
NJ,825,B,$0.50 ,1,13
NJ,833,A,$2.00 ,1,13
NJ,885,A,$2.00 ,1,13
NJ,885,Ac,$2.00 ,1,13
NJ,885,Ad,$2.00 ,1,13
NJ,885,Ae,$2.00 ,1,13
NJ,885,B,$0.35 ,1,13
NJ,885,C,$0.35 ,1,13
NJ,885,D,$0.35 ,1,13
NJ,912,A,$3.00 ,1,13
NJ,975,A,$0.35 ,1,13
NJ,975,B,$0.35 ,1,13
NJ,975,C,$0.50 ,1,13
NJ,975,D,$0.50 ,1,13
NJ,975,F,$1.25 ,1,13
NJ,975,G,$4.00 ,1,13
NJ,975,H,$4.00 ,1,13
NM,40,E,$0.35 ,1,13
NM,40,F,$0.35 ,1,13
NM,40,G,$0.35 ,1,13
NM,40,K,$0.35 ,1,13
NM,40,L,$0.50 ,1,13
NM,420,B,$2.00 ,1,13
NM,760,E,$0.75 ,1,13
NM,900,B,$0.50 ,1,13
NM,900,C,$5.00 ,1,13
NM,900,E,$5.00 ,1,13
NM,900,F,$5.00 ,1,13
NC,20,B,$0.50 ,1,13
NC,130,C,$0.35 ,1,13
NC,130,H,$0.35 ,1,13
NC,130,J,$2.00 ,1,13
NC,160,B,$0.35 ,1,13
NC,160,C,$0.35 ,1,13
NC,160,D,$0.35 ,1,13
NC,160,E,$1.00 ,1,13
NC,160,F,$1.00 ,1,13
NC,160,G,$1.00 ,1,13
NC,160,H,$1.00 ,1,13
NC,160,J,$1.50 ,1,13
NC,160,K,$1.00 ,1,13
NC,160,L,$1.00 ,1,13
NC,160,M,$0.50 ,1,13
NC,160,O,$1.50 ,1,13
NC,160,P,$1.50 ,1,13
NC,160,Q,$2.00 ,1,13
NC,160,R,$1.50 ,1,13
NC,190,D,$1.00 ,1,13
NC,240,B,$0.35 ,1,13
NC,240,C,$0.35 ,1,13
NC,240,D,$0.35 ,1,13
NC,240,E,$0.35 ,1,13
NC,240,G,$0.35 ,1,13
NC,240,H,$0.35 ,1,13
NC,240,I,$0.35 ,1,13
NC,240,J,$0.35 ,1,13
NC,350,A,$0.35 ,1,13
NC,350,B,$0.35 ,1,13
NC,350,C,$0.50 ,1,13
NC,360,A,$0.35 ,1,13
NC,360,D,$1.00 ,1,13
NC,380,A,$0.35 ,1,13
NC,425,A,$1.20 ,1,13
NC,430,A,$0.50 ,1,13
NC,430,B,$0.50 ,1,13
NC,440,A,$0.35 ,1,13
NC,440,D,$3.00 ,2,13
NC,480,A,$0.50 ,1,14
NC,480,B,$0.50 ,1,14
NC,560,B,$0.50 ,1,14
NC,625,A,$2.00 ,1,14
NC,660,B,$0.35 ,1,14
NC,700,H,$0.75 ,1,14
NC,750,A,$1.50 ,1,14
NC,770,A,$0.35 ,1,14
NC,890,A,$0.35 ,1,14
NC,950,D,$0.35 ,1,14
NC,960,A,$0.50 ,1,14
NC,980,D,$0.50 ,1,14
NC,980,H,$0.35 ,1,14
ND,60,B,$0.50 ,1,14
ND,260,Ba,$3.00 ,1,14
ND,260,C,$0.35 ,1,14
ND,260,D,$0.35 ,1,14
ND,260,F,$0.35 ,1,14
ND,260,G,$0.35 ,1,14
ND,260,H,$0.35 ,1,14
ND,260,I,$0.35 ,1,14
ND,260,J,$0.90 ,1,14
ND,260,N,$0.50 ,1,14
ND,320,B,$3.50 ,1,14
ND,320,C,$0.50 ,1,14
ND,320,E,$0.35 ,1,14
ND,320,H,$0.35 ,1,14
ND,320,I,$0.35 ,1,14
ND,320,J,$0.35 ,1,14
ND,440,B,$2.50 ,1,14
ND,600,I,$0.50 ,1,14
ND,900,B,$2.00 ,1,14
ND,960,A,$0.35 ,1,14
NY,10,A,$0.35 ,3,14
NY,10,C,$0.35 ,3,14
NY,10,D,$0.35 ,2,14
NY,10,E,$0.35 ,3,14
NY,10,I,$0.35 ,2,14
NY,10,N,$0.75 ,1,14
NY,10,R,$7.50 ,1,14
NY,10,S,$0.75 ,1,14
NY,10,U,$0.75 ,1,14
NY,10,V,$1.00 ,1,14
NY,25,C,$3.50 ,8,14
NY,25,E,$1.50 ,1,14
NY,25,F,$0.35 ,1,14
NY,25,G,$0.50 ,1,14
NY,25,L,$1.25 ,1,14
NY,25,M,$1.00 ,1,14
NY,35,C,$12.50 ,1,14
NY,35,D,$0.35 ,3,14
NY,35,E,$0.35 ,1,14
NY,35,G,$0.35 ,1,14
NY,35,K,$0.35 ,1,14
NY,35,L,$0.60 ,1,14
NY,35,M,$0.35 ,1,14
NY,60,A,$0.75 ,1,14
NY,70,A,$3.50 ,1,14
NY,75,B,$0.50 ,3,14
NY,79,A,$1.00 ,1,14
NY,79,B,$0.50 ,2,14
NY,80,B,$0.35 ,3,14
NY,80,C,$0.35 ,3,14
NY,80,D,$4.50 ,1,14
NY,80,E,$0.50 ,3,14
NY,80,F,$0.50 ,3,14
NY,80,H,$4.50 ,1,14
NY,80,K,$0.35 ,4,14
NY,80,L,$0.35 ,3,14
NY,80,O,$0.35 ,2,14
NY,80,P,$0.35 ,2,14
NY,105,B,$3.50 ,2,15
NY,105,D,$0.35 ,3,15
NY,105,E,$0.35 ,3,15
NY,105,F,$0.35 ,4,15
NY,105,H,$0.35 ,3,15
NY,105,I,$0.35 ,3,15
NY,105,J,$0.35 ,3,15
NY,105,K,$1.25 ,4,15
NY,105,L,$1.25 ,1,15
NY,105,M,$6.00 ,1,15
NY,105,N,$1.00 ,1,15
NY,105,O,$7.50 ,1,15
NY,110,A,$0.35 ,1,15
NY,110,B,$1.00 ,1,15
NY,110,C,$0.50 ,1,15
NY,110,E,$1.00 ,1,15
NY,110,F,$1.50 ,1,15
NY,110,G,$0.50 ,2,15
NY,110,Ha,$1.00 ,1,15
NY,110,Hb,$1.00 ,1,15
NY,145,A,$2.00 ,1,15
NY,145,B,$2.00 ,1,15
NY,145,C,$0.75 ,1,15
NY,145,D,$0.75 ,1,15
NY,150,A,$0.35 ,2,15
NY,150,B,$0.35 ,3,15
NY,150,D,$0.35 ,2,15
NY,160,E,$1.00 ,1,15
NY,160,G,$1.00 ,1,15
NY,160,H,$1.00 ,1,15
NY,160,I,$1.00 ,1,15
NY,160,J,$1.00 ,1,15
NY,195,A,$0.50 ,3,15
NY,195,B,$0.50 ,1,15
NY,210,A,$2.50 ,1,15
NY,210,B,$2.50 ,1,15
NY,230,A,$0.35 ,3,15
NY,230,B,$0.35 ,1,15
NY,230,C,$0.35 ,3,15
NY,230,D,$0.50 ,2,15
NY,230,E,$0.35 ,2,15
NY,230,F,$0.35 ,3,15
NY,230,G,$0.35 ,3,15
NY,230,H,$0.35 ,3,15
NY,230,I,$0.35 ,3,15
NY,230,J,$1.00 ,2,16
NY,230,K,$1.00 ,2,16
NY,280,A,$0.50 ,1,16
NY,280,B,$0.50 ,2,16
NY,285,Da,$4.00 ,1,16
NY,285,Db,$4.00 ,1,16
NY,290,A,$2.00 ,1,16
NY,290,B,$1.00 ,1,16
NY,290,C,$1.00 ,1,16
NY,290,D,$0.50 ,2,16
NY,305,A,$5.00 ,1,16
NY,310,A,$0.35 ,3,16
NY,315,A,$1.00 ,1,16
NY,345,A,$0.50 ,1,16
NY,355,A,$0.50 ,2,16
NY,355,B,$0.50 ,3,16
NY,355,C,$1.50 ,1,16
NY,360,B,$0.50 ,3,16
NY,360,C,$0.75 ,1,16
NY,363,A,$0.50 ,3,16
NY,363,B,$0.35 ,3,16
NY,380,B,$0.35 ,1,16
NY,380,D,$0.35 ,1,16
NY,385,B,$0.35 ,1,16
NY,410,A,$17.50 ,4,16
NY,410,B,$0.50 ,3,16
NY,410,C,$0.35 ,2,16
NY,410,D,$0.35 ,1,16
NY,410,E,$0.35 ,3,16
NY,410,F,$0.60 ,1,16
NY,425,B,$7.50 ,2,16
NY,425,Da,$0.35 ,1,16
NY,425,Db,$0.35 ,1,16
NY,425,Dc,$0.35 ,1,16
NY,425,E,$0.35 ,2,16
NY,425,F,$0.35 ,3,16
NY,437,A,$3.00 ,1,16
NY,440,A,$0.50 ,3,16
NY,445,C,$0.35 ,2,16
NY,445,D,$0.35 ,3,16
NY,445,E,$0.35 ,3,16
NY,445,F,$0.35 ,3,16
NY,445,G,$0.35 ,3,16
NY,445,H,$0.75 ,1,16
NY,445,I,$0.75 ,1,16
NY,455,A,$0.50 ,2,16
NY,500,A,$0.50 ,2,16
NY,500,B,$0.75 ,1,16
NY,505,A,$0.75 ,3,16
NY,560,A,$1.00 ,1,16
NY,560,B,$1.00 ,1,16
NY,560,C,$0.75 ,1,16
NY,590,A,$1.50 ,1,17
NY,590,B,$1.50 ,1,17
NY,590,C,$1.50 ,1,17
NY,590,D,$1.50 ,1,17
NY,590,E,$1.50 ,1,17
NY,590,F,$1.50 ,1,17
NY,590,G,$1.50 ,1,17
NY,590,H,$1.50 ,1,17
NY,590,I,$1.50 ,1,17
NY,590,J,$1.50 ,1,17
NY,590,K,$1.50 ,1,17
NY,590,L,$1.50 ,1,17
NY,590,M,$1.50 ,1,17
NY,590,N,$1.50 ,1,17
NY,590,O,$1.50 ,1,17
NY,590,P,$1.50 ,1,17
NY,590,Q,$1.50 ,1,17
NY,590,R,$1.50 ,1,17
NY,615,A,$5.00 ,1,17
NY,615,D,$0.35 ,3,17
NY,615,F,$3.50 ,1,17
NY,615,G,$0.35 ,2,17
NY,640,A,$2.00 ,1,17
NY,640,B,$1.00 ,1,17
NY,640,C,$3.50 ,1,17
NY,640,F,$0.35 ,2,17
NY,640,H,$3.00 ,1,17
NY,640,Jb,$0.75 ,2,17
NY,640,K,$0.75 ,1,17
NY,655,Aa,$0.50 ,1,17
NY,655,C,$0.50 ,1,17
NY,655,E,$0.50 ,1,17
NY,660,A,$0.35 ,1,17
NY,660,B,$1.00 ,1,17
NY,660,C,$1.50 ,1,17
NY,665,A,$0.35 ,1,17
NY,675,B,$0.35 ,6,17
NY,675,C,$0.50 ,1,17
NY,685,B,$0.35 ,4,17
NY,685,F,$0.65 ,1,17
NY,685,I,$0.50 ,2,17
NY,685,J,$0.40 ,1,17
NY,695,A,$10.00 ,1,17
NY,695,D,$1.00 ,1,17
NY,695,E,$0.50 ,1,17
NY,695,H,$0.50 ,2,17
NY,715,A,$3.00 ,1,17
NY,735,B,$7.50 ,1,17
NY,735,F,$1.00 ,1,17
NY,735,J,$0.75 ,1,17
NY,735,La,$0.75 ,1,17
NY,735,M,$0.75 ,1,17
NY,745,A,$5.00 ,1,17
NY,745,B,$0.50 ,1,17
NY,760,A,$0.35 ,3,17
NY,760,B,$0.35 ,2,17
NY,760,C,$0.35 ,1,17
NY,760,D,$0.35 ,2,17
NY,775,A,$1.00 ,1,17
NY,780,A,$150.00 ,1,17
NY,780,Bb,$10.00 ,2,17
NY,780,D,$1.25 ,3,17
NY,780,E,$0.35 ,3,17
NY,780,F,$0.35 ,4,17
NY,780,G,$0.35 ,3,18
NY,780,Ha,$0.35 ,3,18
NY,780,Hb,$0.35 ,3,18
NY,780,J,$1.50 ,3,18
NY,780,Ma,$3.50 ,1,18
NY,780,Mb,$3.50 ,1,18
NY,780,Oa,$5.00 ,1,18
NY,780,Ob,$5.00 ,1,18
NY,780,Pa,$3.50 ,1,18
NY,780,Q,$3.50 ,1,18
NY,780,S,$1.00 ,1,18
NY,780,U,$1.00 ,1,18
NY,780,V,$1.00 ,1,18
NY,780,W,$1.00 ,1,18
NY,780,X,$10.00 ,2,18
NY,780,Y,$1.25 ,1,18
NY,780,Z,$1.25 ,1,18
NY,785,A,$0.50 ,3,18
NY,785,B,$0.50 ,3,18
NY,785,C,$1.50 ,1,18
NY,790,A,$0.35 ,3,18
NY,790,C,$0.35 ,1,18
NY,790,D,$2.00 ,1,18
NY,790,F,$0.50 ,2,18
NY,790,G,$0.50 ,1,18
NY,790,H,$0.50 ,1,18
NY,790,I,$0.50 ,1,18
NY,790,J,$4.00 ,1,18
NY,790,O,$0.50 ,1,18
NY,790,P,$0.50 ,2,18
NY,790,Q,$0.50 ,2,18
NY,790,R,$0.50 ,2,18
NY,790,S,$0.50 ,3,18
NY,810,B,$3.50 ,1,18
NY,810,C,$1.00 ,1,18
NY,810,D,$1.00 ,1,18
NY,830,A,$0.35 ,3,18
NY,830,B,$0.50 ,3,18
NY,830,C,$0.35 ,3,18
NY,830,D,$2.00 ,2,18
NY,850,A,$1.00 ,1,18
NY,850,B,$1.00 ,1,18
NY,875,A,$7.50 ,1,18
NY,875,B,$2.50 ,1,18
NY,875,D,$5.50 ,1,18
NY,875,E,$0.35 ,4,18
NY,875,F,$0.35 ,4,18
NY,875,G,$0.35 ,3,18
NY,875,H,$0.35 ,4,18
NY,875,I,$0.35 ,2,18
NY,875,K,$0.35 ,4,18
NY,875,L,$0.75 ,4,18
NY,875,M,$0.75 ,3,19
NY,875,O,$0.75 ,3,19
NY,875,Q,$0.75 ,1,19
NY,875,R,$0.35 ,3,19
NY,875,S,$0.50 ,3,19
NY,875,T,$0.35 ,2,19
NY,875,U,$1.00 ,1,19
NY,875,V,$1.00 ,3,19
NY,875,W,$1.00 ,1,19
NY,875,X,$0.50 ,4,19
NY,875,Y,$0.50 ,4,19
NY,875,Z,$0.50 ,5,19
NY,875,AC,$0.75 ,1,19
NY,875,AD,$0.35 ,3,19
NY,875,AG,$0.50 ,1,19
NY,890,E,$0.35 ,3,19
NY,890,F,$0.35 ,3,19
NY,890,G,$0.50 ,4,19
NY,890,H,$6.00 ,1,19
NY,905,A,$7.50 ,1,19
NY,905,B,$0.35 ,6,19
NY,905,C,$2.50 ,2,19
NY,905,D,$3.00 ,1,19
NY,905,E,$0.50 ,1,19
NY,905,G,$0.35 ,4,19
NY,905,J,$2.00 ,1,19
NY,905,K,$0.40 ,2,19
NY,905,M,$0.40 ,1,19
NY,905,Oa,$0.75 ,1,19
NY,905,P,$0.75 ,1,19
NY,945,A,$10.00 ,1,19
NY,945,F,$0.75 ,1,19
NY,945,G,$0.35 ,4,19
NY,955,A,$1.50 ,2,19
NY,980,B,$0.75 ,1,19
NY,980,C,$0.75 ,1,19
NY,995,A,$0.35 ,4,19
NY,995,B,$3.50 ,1,19
NY,995,C,$2.00 ,1,19
NY,1000,D,$5.00 ,1,19
OH,10,D,$2.50 ,1,19
OH,10,G,$0.35 ,1,19
OH,10,P,$0.35 ,1,19
OH,10,R,$0.35 ,2,19
OH,10,U,$0.35 ,1,19
OH,10,W,$0.50 ,1,19
OH,15,C,$0.35 ,1,19
OH,15,F,$4.00 ,1,19
OH,25,A,$2.50 ,1,19
OH,30,C,$0.35 ,1,19
OH,30,E,$0.35 ,1,19
OH,80,A,$1.00 ,1,19
OH,125,A,$2.00 ,1,19
OH,125,H,$0.35 ,1,19
OH,125,K,$0.35 ,1,19
OH,125,M,$0.35 ,1,19
OH,125,N,$0.35 ,1,19
OH,125,O,$0.35 ,1,19
OH,165,Xb,$0.75 ,1,19
OH,165,Y,$1.00 ,1,19
OH,165,Z,$0.35 ,1,19
OH,165,AE,$1.00 ,1,19
OH,165,AI,$0.65 ,1,20
OH,165,AJ,$0.75 ,1,20
OH,165,AL,$0.60 ,1,20
OH,175,W,$7.00 ,1,20
OH,175,AA,$1.00 ,1,20
OH,175,AC,$0.50 ,1,20
OH,175,AF,$6.00 ,1,20
OH,200,D,$0.35 ,2,20
OH,230,L,$0.35 ,1,20
OH,230,M,$5.00 ,1,20
OH,230,O,$1.00 ,1,20
OH,230,AJ,$0.35 ,1,20
OH,230,AK,$0.80 ,1,20
OH,230,AL,$0.50 ,1,20
OH,290,B,$0.35 ,1,20
OH,330,A,$0.35 ,1,20
OH,355,A,$0.50 ,1,20
OH,355,B,$0.50 ,1,20
OH,380,A,$2.00 ,1,20
OH,380,B,$1.50 ,1,20
OH,380,C,$5.00 ,1,20
OH,385,A,$0.35 ,1,20
OH,385,B,$0.35 ,1,20
OH,425,A,$0.75 ,1,20
OH,425,G,$5.00 ,1,20
OH,435,A,$1.50 ,1,20
OH,435,B,$0.35 ,1,20
OH,440,B,$10.00 ,2,20
OH,440,C,$1.00 ,1,20
OH,440,N,$3.00 ,1,20
OH,450,C,$0.35 ,1,20
OH,450,E,$0.35 ,1,20
OH,450,F,$0.35 ,2,20
OH,450,G,$0.50 ,1,20
OH,450,H,$0.35 ,1,20
OH,450,I,$0.50 ,1,20
OH,465,D,$1.00 ,1,20
OH,475,G,$0.35 ,1,20
OH,475,J,$0.35 ,1,20
OH,505,A,$7.50 ,1,20
OH,505,B,$0.35 ,1,20
OH,505,D,$0.35 ,1,20
OH,505,F,$0.35 ,1,20
OH,505,L,$0.50 ,1,20
OH,505,M,$0.50 ,1,20
OH,505,P,$0.75 ,1,20
OH,505,U,$0.75 ,1,20
OH,505,AC,$1.00 ,1,20
OH,520,F,$3.00 ,1,20
OH,520,G,$0.35 ,1,20
OH,535,C,$1.50 ,1,20
OH,552,C,$3.00 ,1,20
OH,560,Bc,$0.50 ,1,20
OH,605,A,$2.00 ,1,20
OH,605,B,$1.00 ,1,20
OH,605,C,$1.00 ,1,20
OH,605,E,$1.50 ,1,20
OH,605,F,$1.50 ,1,20
OH,735,A,$3.00 ,1,20
OH,745,G,$0.35 ,1,20
OH,750,A,$5.00 ,1,20
OH,770,A,$0.35 ,1,20
OH,770,B,$0.35 ,1,20
OH,815,A,$0.35 ,1,20
OH,815,I,$0.75 ,1,20
OH,815,J,$2.50 ,1,20
OH,830,C,$0.35 ,1,20
OH,830,D,$0.35 ,2,20
OH,830,E,$0.35 ,1,20
OH,830,F,$0.35 ,1,20
OH,835,A,$0.60 ,1,20
OH,860,A,$0.75 ,1,20
OH,860,D,$0.35 ,1,20
OH,860,E,$0.35 ,1,20
OH,860,F,$0.35 ,1,20
OH,860,G,$0.35 ,1,20
OH,860,H,$0.35 ,1,20
OH,860,I,$0.35 ,1,20
OH,860,L,$0.50 ,1,20
OH,860,M,$0.35 ,1,20
OH,860,N,$0.35 ,1,20
OH,860,O,$0.35 ,1,20
OH,860,Q,$0.50 ,1,20
OH,860,T,$0.80 ,2,20
OH,870,E,$0.60 ,1,20
OH,915,D,$0.35 ,1,20
OH,915,H,$0.35 ,1,20
OH,985,B,$0.35 ,1,20
OH,990,A,$0.75 ,1,20
OH,990,B,$0.35 ,1,20
OH,1000,O,$5.00 ,1,20
OH,1000,P,$5.00 ,1,20
OH,1000,S,$1.00 ,1,20
OK,180,A,$2.00 ,1,20
OK,280,C,$2.00 ,1,20
OK,280,D,$2.00 ,1,20
OK,510,A,$1.00 ,1,20
OK,590,C,$2.00 ,1,20
OK,640,A,$6.50 ,1,20
OK,640,C,$0.35 ,1,20
OK,640,D,$0.35 ,1,20
OK,640,E,$0.35 ,1,20
OK,640,F,$0.35 ,1,20
OK,660,B,$1.00 ,1,20
OK,860,Q,$2.00 ,1,20
OK,860,Y,$1.50 ,1,20
OK,860,Z,$3.00 ,1,20
OR,20,F,$2.00 ,1,21
OR,20,G,$2.00 ,1,21
OR,100,A,$5.00 ,1,21
OR,130,C,$7.50 ,1,21
OR,130,D,$4.00 ,1,21
OR,160,J,$1.50 ,1,21
OR,240,B,$5.00 ,1,21
OR,240,D,$0.50 ,1,21
OR,240,F,$0.65 ,1,21
OR,240,G,$0.80 ,1,21
OR,240,H,$0.50 ,1,21
OR,240,I,$0.50 ,1,21
OR,240,K,$0.80 ,1,21
OR,240,M,$0.50 ,1,21
OR,240,N,$1.50 ,1,21
OR,240,Q,$0.50 ,1,21
OR,400,C,$0.50 ,1,21
OR,400,D,$0.50 ,1,21
OR,400,E,$0.75 ,1,21
OR,400,F,$0.50 ,1,21
OR,520,B,$0.50 ,1,21
OR,700,E,$3.00 ,1,21
OR,700,H,$0.35 ,1,21
OR,700,I,$0.35 ,1,21
OR,700,N,$0.35 ,1,21
OR,700,O,$0.35 ,1,21
OR,700,Tb,$3.00 ,1,21
OR,800,D,$1.50 ,1,21
OR,800,E,$1.50 ,1,21
OR,800,F,$1.50 ,1,21
OR,800,L,$1.50 ,1,21
OR,820,A,$1.00 ,1,21
OR,900,A,$1.00 ,1,21
PR,640,A,$0.35 ,1,21
PR,640,D,$0.35 ,1,21
PR,640,H,$0.35 ,1,21
PA,10,B,$0.75 ,1,21
PA,10,C,$0.35 ,1,21
PA,10,D,$0.35 ,1,21
PA,10,Ea,$0.75 ,1,21
PA,10,Eb,$0.75 ,1,21
PA,10,F,$0.75 ,1,21
PA,15,F,$2.00 ,1,21
PA,15,G,$0.35 ,1,21
PA,15,H,$0.35 ,1,21
PA,15,I,$0.35 ,1,21
PA,15,K,$2.00 ,1,21
PA,15,M,$4.00 ,1,21
PA,15,O,$2.00 ,1,21
PA,15,Q,$0.35 ,1,21
PA,15,R,$0.35 ,1,21
PA,20,B,$1.00 ,1,21
PA,20,C,$1.00 ,1,21
PA,25,C,$4.00 ,1,21
PA,25,D,$1.00 ,1,21
PA,25,E,$0.35 ,1,21
PA,65,C,$3.00 ,1,21
PA,65,D,$1.50 ,1,21
PA,65,K,$2.00 ,1,21
PA,65,N,$1.00 ,1,21
PA,65,Q,$1.50 ,1,21
PA,65,R,$0.35 ,1,21
PA,65,S,$0.35 ,1,21
PA,70,A,$0.35 ,1,21
PA,70,B,$0.35 ,1,21
PA,70,C,$0.35 ,1,21
PA,85,A,$10.00 ,2,21
PA,85,B,$0.35 ,1,21
PA,105,A,$0.50 ,1,21
PA,105,B,$0.50 ,1,21
PA,110,A,$0.75 ,1,21
PA,142,A,$1.00 ,1,21
PA,142,C,$1.50 ,1,21
PA,142,E,$1.50 ,1,21
PA,142,F,$1.50 ,1,21
PA,142,G,$1.50 ,1,21
PA,142,H,$1.50 ,1,21
PA,155,A,$0.75 ,1,21
PA,165,G,$2.00 ,1,21
PA,165,I,$2.00 ,1,21
PA,175,C,$0.50 ,1,21
PA,175,D,$0.75 ,1,21
PA,175,E,$2.00 ,1,21
PA,180,B,$0.50 ,1,21
PA,180,C,$1.50 ,1,21
PA,180,F,$0.35 ,1,21
PA,180,J,$0.50 ,1,21
PA,190,A,$0.35 ,1,21
PA,190,B,$0.35 ,1,21
PA,190,C,$0.35 ,1,21
PA,195,H,$0.50 ,1,21
PA,195,L,$8.50 ,1,21
PA,195,M,$0.35 ,1,21
PA,200,A,$0.35 ,1,21
PA,200,B,$0.35 ,1,21
PA,200,C,$0.35 ,1,21
PA,235,A,$0.75 ,1,21
PA,263,A,$0.35 ,1,21
PA,263,B,$0.35 ,2,21
PA,263,C,$0.35 ,1,21
PA,263,D,$0.35 ,1,21
PA,265,A,$1.00 ,1,21
PA,293,A,$1.50 ,1,21
PA,293,B,$2.10 ,1,21
PA,293,C,$1.50 ,1,21
PA,295,A,$7.50 ,1,22
PA,305,B,$1.00 ,1,22
PA,305,E,$0.35 ,1,22
PA,325,B,$1.00 ,1,22
PA,325,E,$1.00 ,1,22
PA,340,C,$1.00 ,1,22
PA,340,E,$0.50 ,1,22
PA,360,A,$3.50 ,1,22
PA,360,B,$2.00 ,1,22
PA,360,C,$2.00 ,1,22
PA,360,D,$0.50 ,1,22
PA,360,E,$0.35 ,1,22
PA,375,A,$0.35 ,1,22
PA,420,A,$2.00 ,1,22
PA,440,A,$3.00 ,1,22
PA,445,A,$1.00 ,1,22
PA,445,B,$1.00 ,1,22
PA,445,C,$60.00 ,1,22
PA,455,A,$6.50 ,1,22
PA,455,C,$0.35 ,1,22
PA,455,D,$0.50 ,1,22
PA,455,F,$0.50 ,1,22
PA,455,G,$2.00 ,1,22
PA,455,H,$1.00 ,1,22
PA,458,A,$7.50 ,1,22
PA,463,A,$0.75 ,2,22
PA,465,A,$1.00 ,1,22
PA,485,A,$1.50 ,1,22
PA,490,A,$10.00 ,1,22
PA,495,G,$5.00 ,1,22
PA,495,H,$5.00 ,1,22
PA,495,I,$3.50 ,1,22
PA,495,L,$3.00 ,1,22
PA,495,M,$0.35 ,1,22
PA,495,O,$0.35 ,1,22
PA,495,P,$2.50 ,1,22
PA,495,Q,$1.00 ,1,22
PA,495,S,$1.00 ,1,22
PA,495,V,$0.60 ,1,22
PA,495,Y,$0.60 ,1,22
PA,495,Z,$0.60 ,1,22
PA,495,AB,$0.75 ,1,22
PA,525,A,$2.50 ,1,22
PA,525,B,$0.35 ,2,22
PA,525,C,$0.35 ,1,22
PA,525,D,$0.35 ,1,22
PA,525,E,$0.75 ,1,22
PA,525,F,$1.50 ,1,22
PA,525,G,$0.75 ,1,22
PA,525,H,$2.00 ,1,22
PA,525,J,$1.00 ,1,22
PA,525,M,$4.50 ,1,22
PA,555,A,$1.00 ,2,22
PA,565,B,$0.35 ,2,22
PA,565,C,$0.35 ,1,22
PA,565,D,$0.35 ,1,22
PA,565,E,$0.35 ,1,22
PA,570,A,$0.50 ,1,22
PA,585,Ab,$12.50 ,1,22
PA,590,B,$0.35 ,2,22
PA,605,E,$1.00 ,1,22
PA,605,F,$1.00 ,1,22
PA,605,G,$0.35 ,1,22
PA,605,H,$0.50 ,1,22
PA,605,J,$0.35 ,1,22
PA,605,K,$0.35 ,1,22
PA,605,L,$0.35 ,1,22
PA,605,M,$0.35 ,1,22
PA,605,N,$0.35 ,1,22
PA,615,A,$0.35 ,1,22
PA,615,C,$0.35 ,1,22
PA,615,D,$0.65 ,1,22
PA,615,E,$0.65 ,1,22
PA,615,F,$0.65 ,1,22
PA,615,J,$0.50 ,1,22
PA,615,L,$0.65 ,1,22
PA,615,N,$0.75 ,1,22
PA,655,A,$7.50 ,1,22
PA,660,A,$0.50 ,1,22
PA,675,B,$0.50 ,1,22
PA,675,D,$2.00 ,1,22
PA,695,Aa,$0.35 ,1,22
PA,695,Ab,$0.35 ,1,22
PA,695,B,$0.35 ,1,22
PA,695,C,$0.35 ,1,22
PA,705,A,$0.35 ,1,22
PA,705,B,$0.35 ,1,22
PA,705,C,$0.35 ,1,22
PA,705,D,$3.50 ,1,22
PA,705,E,$0.50 ,1,22
PA,720,A,$3.50 ,1,22
PA,723,A,$1.00 ,1,22
PA,725,D,$7.50 ,1,22
PA,725,Ia,$0.50 ,1,22
PA,725,J,$0.35 ,1,22
PA,725,K,$1.00 ,1,22
PA,750,W,$1.00 ,1,22
PA,750,X,$1.00 ,1,22
PA,750,Y,$1.00 ,1,22
PA,750,Z,$10.00 ,1,22
PA,750,AA,$0.35 ,1,22
PA,750,AB,$1.50 ,1,22
PA,750,AF,$0.35 ,1,22
PA,750,AG,$0.35 ,1,22
PA,750,AH,$0.35 ,1,22
PA,750,AI,$0.35 ,1,22
PA,750,AJ,$17.50 ,1,22
PA,750,AK,$1.00 ,1,22
PA,750,AL,$1.00 ,1,22
PA,750,AM,$1.00 ,1,22
PA,750,AN,$3.50 ,1,22
PA,750,AO,$0.35 ,1,22
PA,750,AP,$0.35 ,2,22
PA,750,AQ,$0.35 ,1,22
PA,750,AR,$0.35 ,1,22
PA,750,AS,$1.00 ,1,22
PA,750,AU,$17.50 ,1,22
PA,750,AW,$0.50 ,1,22
PA,750,AX,$0.75 ,1,22
PA,750,AY,$1.00 ,1,22
PA,750,AZ,$0.50 ,1,22
PA,750,BA,$3.50 ,1,22
PA,750,BB,$2.00 ,1,22
PA,750,BD,$1.50 ,1,22
PA,765,X,$0.35 ,1,22
PA,765,Y,$0.35 ,1,22
PA,765,Z,$0.35 ,1,22
PA,765,AA,$0.35 ,1,22
PA,765,AB,$0.35 ,1,22
PA,765,AC,$0.50 ,1,22
PA,765,AK,$2.00 ,1,22
PA,775,B,$0.35 ,1,22
PA,780,A,$1.00 ,1,22
PA,785,B,$0.50 ,1,22
PA,785,E,$0.50 ,1,22
PA,785,K,$0.85 ,1,22
PA,805,Aa,$0.60 ,1,22
PA,805,C,$0.50 ,1,22
PA,810,A,$5.00 ,1,22
PA,815,A,$3.50 ,1,22
PA,840,E,$0.50 ,1,22
PA,840,F,$0.50 ,3,22
PA,840,G,$0.50 ,1,22
PA,840,H,$0.50 ,1,22
PA,850,Aa,$0.35 ,1,22
PA,850,B,$0.35 ,1,22
PA,850,C,$0.35 ,1,22
PA,860,A,$7.50 ,1,22
PA,865,A,$0.75 ,1,22
PA,865,B,$1.25 ,1,22
PA,870,A,$2.00 ,1,22
PA,875,B,$2.00 ,1,22
PA,920,A,$1.00 ,1,22
PA,930,A,$1.00 ,1,22
PA,930,B,$2.00 ,1,22
PA,930,C,$0.50 ,1,22
PA,930,D,$0.50 ,1,22
PA,930,E,$1.00 ,1,22
PA,930,F,$0.50 ,1,22
PA,935,A,$0.35 ,1,22
PA,935,B,$0.35 ,1,22
PA,940,B,$0.50 ,1,22
PA,945,A,$0.75 ,1,22
PA,945,C,$1.00 ,1,22
PA,950,F,$20.00 ,1,22
PA,950,G,$1.00 ,1,22
PA,950,H,$0.75 ,1,22
PA,950,I,$1.00 ,1,22
PA,950,Ja,$2.00 ,1,22
PA,980,A,$0.50 ,1,22
PA,985,D,$0.50 ,1,22
PA,985,E,$0.35 ,1,22
PA,985,F,$0.50 ,1,22
PA,985,G,$0.75 ,1,22
PA,985,H,$0.50 ,1,22
PA,985,J,$1.25 ,1,22
PA,985,K,$1.10 ,1,22
PA,990,A,$0.35 ,1,22
PA,990,B,$0.35 ,1,22
PA,990,C,$3.50 ,1,22
PA,990,D,$2.00 ,1,22
PA,990,E,$1.50 ,1,22
PA,995,A,$0.35 ,1,22
PA,995,B,$2.00 ,1,22
PA,995,C,$0.35 ,1,22
PA,995,D,$0.35 ,1,22
PA,997,A,$3.50 ,1,22
PA,997,B,$3.50 ,1,22
PA,997,E,$4.00 ,1,22
PA,997,H,$4.00 ,1,22
PA,997,J,$4.00 ,1,22
PA,997,N,$2.50 ,1,22
PA,998,X,$2.00 ,1,22
PA,1000,D,$1.00 ,1,22
PA,1000,I,$1.00 ,1,22
RI,120,A,$0.35 ,1,22
RI,120,B,$0.35 ,1,22
RI,520,A,$0.35 ,1,22
RI,521,G,$2.00 ,1,22
RI,521,H,$2.00 ,1,22
RI,521,I,$2.00 ,1,22
RI,521,L,$2.50 ,1,22
RI,521,M,$2.50 ,1,22
RI,521,N,$2.00 ,1,22
RI,521,O,$2.00 ,1,22
RI,521,P,$2.00 ,1,22
RI,521,Q,$2.00 ,1,23
RI,700,E,$0.35 ,1,24
RI,700,F,$0.50 ,1,24
RI,700,G,$1.00 ,1,24
RI,700,K,$1.00 ,1,24
RI,700,M,$2.00 ,1,24
SC,40,A,$1.00 ,1,24
SC,190,B,$0.50 ,1,24
SC,240,B,$0.35 ,1,24
SC,310,B,$8.50 ,1,24
SC,310,C,$0.35 ,1,24
SC,310,D,$0.50 ,1,24
SC,310,E,$0.50 ,1,24
SC,310,F,$0.35 ,1,24
SC,310,G,$0.50 ,1,24
SC,310,Ha,$0.35 ,1,24
SC,310,I,$0.50 ,1,24
SC,430,D,$0.35 ,1,24
SC,730,A,$0.50 ,1,24
SD,100,B,$5.00 ,1,24
SD,100,C,$2.00 ,1,24
SD,260,D,$2.00 ,1,24
SD,260,F,$1.00 ,1,24
SD,480,A,$0.50 ,1,24
SD,680,A,$1.00 ,1,24
SD,680,B,$2.00 ,1,24
SD,780,C,$0.50 ,1,24
SD,840,A,$0.35 ,1,24
SD,840,C,$0.35 ,1,24
SD,840,D,$0.35 ,1,24
SD,840,E,$0.35 ,1,24
SD,860,D,$3.50 ,1,24
SD,950,A,$3.00 ,1,24
SD,950,B,$2.00 ,1,24
SD,950,C,$2.70 ,1,24
SD,950,D,$2.65 ,1,24
SD,950,E,$2.65 ,1,24
TN,160,A,$0.50 ,2,24
TN,320,A,$0.50 ,1,24
TN,320,B,$0.50 ,1,24
TN,320,C,$0.50 ,1,24
TN,415,D,$0.75 ,1,24
TN,415,G,$1.00 ,1,24
TN,430,Lb,$0.50 ,1,24
TN,430,AA,$10.00 ,1,24
TN,430,AB,$1.50 ,1,24
TN,775,A,$0.35 ,1,24
TN,775,B,$0.35 ,1,24
TX,5,C,$0.35 ,1,24
TX,30,D,$0.35 ,1,24
TX,40,A,$1.00 ,1,24
TX,50,B,$0.35 ,1,24
TX,50,G,$0.35 ,1,24
TX,50,H,$0.35 ,1,24
TX,50,I,$0.35 ,1,24
TX,50,J,$0.35 ,2,24
TX,50,K,$0.35 ,1,24
TX,50,L,$0.35 ,1,24
TX,65,I,$0.50 ,1,24
TX,135,D,$3.50 ,1,24
TX,220,A,$0.35 ,1,24
TX,255,B,$0.35 ,1,24
TX,255,H,$0.35 ,1,24
TX,255,I,$0.35 ,1,24
TX,255,J,$0.35 ,1,24
TX,255,Q,$20.00 ,1,24
TX,255,AA,$2.00 ,1,24
TX,255,AB,$2.00 ,1,24
TX,270,A,$1.50 ,1,24
TX,275,B,$1.00 ,1,24
TX,275,D,$1.00 ,1,24
TX,275,E,$1.00 ,1,24
TX,320,E,$0.35 ,1,24
TX,340,I,$0.35 ,1,24
TX,340,J,$0.35 ,1,24
TX,340,K,$0.35 ,1,24
TX,340,L,$0.35 ,1,24
TX,340,N,$0.35 ,1,24
TX,340,O,$0.35 ,1,24
TX,340,V,$1.00 ,1,24
TX,340,W,$2.00 ,1,24
TX,350,A,$1.00 ,1,24
TX,350,C,$2.00 ,1,24
TX,350,F,$2.50 ,1,24
TX,360,I,$0.60 ,1,24
TX,360,J,$0.60 ,1,24
TX,365,A,$2.00 ,1,24
TX,445,B,$0.35 ,1,24
TX,445,C,$0.35 ,1,24
TX,445,D,$0.35 ,1,24
TX,445,E,$0.35 ,1,24
TX,445,K,$0.35 ,1,24
TX,445,L,$0.35 ,1,24
TX,445,R,$1.50 ,1,24
TX,445,S,$1.00 ,1,24
TX,445,T,$2.00 ,1,24
TX,445,U,$2.00 ,1,24
TX,445,V,$2.00 ,1,24
TX,445,W,$2.00 ,1,24
TX,445,X,$2.00 ,1,24
TX,445,AB,$2.00 ,1,24
TX,445,AC,$2.00 ,1,24
TX,455,A,$1.00 ,1,25
TX,565,C,$0.50 ,1,25
TX,630,B,$0.50 ,1,25
TX,760,F,$0.50 ,1,25
TX,810,C,$0.35 ,1,25
TX,810,D,$0.35 ,1,25
TX,810,E,$0.35 ,1,25
TX,810,F,$0.35 ,1,25
TX,810,R,$0.35 ,1,25
TX,810,S,$0.40 ,1,25
TX,810,U,$0.50 ,1,25
TX,810,V,$0.50 ,1,25
TX,810,AF,$2.00 ,1,25
TX,810,AG,$2.00 ,1,25
TX,810,AI,$0.50 ,1,25
TX,810,AJ,$0.50 ,1,25
TX,810,AR,$5.00 ,1,25
TX,810,AS,$2.50 ,1,25
TX,925,A,$0.35 ,1,25
TX,945,A,$1.00 ,1,25
TX,950,E,$0.35 ,1,25
TX,985,D,$0.35 ,1,25
TX,985,E,$0.35 ,1,25
TX,1000,F,$1.50 ,1,25
UT,300,A,$10.00 ,1,25
UT,400,A,$0.50 ,1,25
UT,400,C,$1.00 ,1,25
UT,525,C,$0.50 ,1,25
UT,525,D,$0.50 ,1,25
UT,525,E,$0.35 ,1,25
UT,750,F,$0.50 ,1,25
UT,750,G,$0.50 ,1,25
UT,750,K,$0.50 ,1,25
UT,750,P,$0.35 ,1,25
UT,750,S,$0.35 ,1,25
UT,750,T,$1.25 ,1,25
UT,750,U,$1.25 ,1,25
UT,750,V,$1.25 ,1,25
UT,750,W,$1.25 ,1,25
VA,20,C,$0.35 ,1,25
VA,20,K,$0.50 ,1,25
VA,20,L,$0.75 ,1,25
VA,20,O,$0.75 ,1,25
VA,65,C,$0.35 ,1,25
VA,65,D,$0.50 ,1,25
VA,65,E,$1.25 ,1,25
VA,210,A,$0.35 ,1,25
VA,210,B,$0.35 ,1,25
VA,210,C,$0.35 ,1,25
VA,210,E,$0.35 ,1,25
VA,210,G,$0.35 ,1,25
VA,260,B,$0.50 ,1,25
VA,280,A,$0.35 ,1,25
VA,470,B,$0.50 ,1,25
VA,470,C,$0.50 ,1,25
VA,470,G,$0.50 ,1,25
VA,470,H,$0.50 ,1,25
VA,470,I,$0.50 ,1,25
VA,500,D,$0.35 ,1,25
VA,500,F,$0.35 ,1,25
VA,560,A,$0.35 ,1,25
VA,560,B,$0.35 ,1,25
VA,580,E,$0.35 ,1,25
VA,580,F,$0.35 ,1,25
VA,580,G,$0.35 ,1,25
VA,580,H,$0.35 ,1,25
VA,580,I,$0.35 ,1,25
VA,580,J,$0.35 ,1,25
VA,580,K,$0.35 ,1,25
VA,580,M,$0.35 ,1,25
VA,580,N,$0.35 ,1,25
VA,580,O,$7.50 ,1,25
VA,580,S,$0.50 ,1,25
VA,580,U,$10.00 ,1,25
VA,600,I,$3.50 ,1,25
VA,600,J,$3.50 ,1,25
VA,660,C,$0.35 ,2,25
VA,660,D,$0.35 ,1,25
VA,660,E,$0.35 ,1,25
VA,660,F,$0.35 ,1,25
VA,660,G,$0.35 ,1,25
VA,710,B,$0.75 ,1,25
VA,720,B,$7.50 ,1,25
VA,720,C,$8.00 ,1,25
VA,720,E,$1.00 ,1,25
VA,720,G,$0.35 ,1,25
VA,720,J,$0.35 ,1,25
VA,730,C,$0.35 ,1,25
VA,730,D,$0.35 ,1,25
VA,730,F,$0.35 ,1,25
VA,895,F,$0.50 ,1,25
VA,900,A,$0.35 ,1,25
VA,985,E,$5.00 ,1,25
VA,985,F,$2.00 ,1,25
VA,985,G,$0.75 ,1,25
VA,985,H,$0.35 ,1,25
VA,985,I,$0.75 ,1,25
VA,997,A,$0.50 ,1,25
WV,100,C,$0.35 ,1,25
WV,140,A,$0.35 ,1,25
WV,140,B,$0.35 ,1,25
WV,200,A,$2.00 ,1,25
WV,200,C,$0.50 ,1,25
WV,240,B,$0.35 ,1,25
WV,290,A,$1.00 ,1,25
WV,290,E,$0.35 ,1,25
WV,290,F,$0.50 ,1,25
WV,290,G,$0.35 ,1,25
WV,480,D,$0.75 ,1,26
WV,590,A,$0.35 ,1,26
WV,590,B,$0.35 ,1,26
WV,790,A,$0.75 ,1,26
WV,850,A,$0.50 ,1,26
WI,30,A,$1.00 ,1,26
WI,30,D,$0.35 ,1,26
WI,30,E,$0.35 ,1,26
WI,40,E,$1.00 ,1,26
WI,70,B,$0.35 ,1,26
WI,70,C,$0.35 ,1,26
WI,70,D,$0.35 ,1,26
WI,70,E,$1.00 ,1,26
WI,180,F,$0.50 ,1,26
WI,180,G,$0.50 ,1,26
WI,220,A,$2.50 ,1,26
WI,220,B,$2.00 ,1,26
WI,220,C,$0.50 ,1,26
WI,220,D,$0.50 ,1,26
WI,220,E,$7.50 ,1,26
WI,220,F,$1.50 ,1,26
WI,220,G,$1.50 ,1,26
WI,220,R,$0.50 ,1,26
WI,220,P,$0.50 ,1,26
WI,220,T,$0.50 ,1,26
WI,220,U,$0.75 ,1,26
WI,250,C,$1.00 ,1,26
WI,250,E,$1.50 ,1,26
WI,270,H,$1.15 ,1,26
WI,270,I,$1.15 ,1,26
WI,300,C,$0.35 ,1,26
WI,300,D,$1.00 ,1,26
WI,300,G,$0.85 ,1,26
WI,330,D,$0.35 ,1,26
WI,330,E,$0.35 ,1,26
WI,330,F,$0.35 ,1,26
WI,330,G,$0.40 ,1,26
WI,330,I,$0.75 ,1,26
WI,360,D,$0.35 ,1,26
WI,360,I,$0.35 ,1,26
WI,360,J,$0.35 ,1,26
WI,360,K,$0.35 ,1,26
WI,370,A,$1.00 ,1,26
WI,410,G,$0.75 ,1,26
WI,410,H,$0.35 ,1,26
WI,410,I,$0.35 ,1,26
WI,410,K,$0.35 ,1,26
WI,410,L,$0.60 ,1,26
WI,410,M,$3.00 ,1,26
WI,410,N,$1.50 ,1,26
WI,420,J,$0.50 ,1,26
WI,430,A,$0.35 ,1,26
WI,440,E,$0.50 ,1,26
WI,490,D,$3.00 ,1,26
WI,500,G,$3.00 ,1,26
WI,500,H,$2.00 ,1,26
WI,500,I,$1.00 ,1,26
WI,620,B,$0.50 ,1,26
WI,620,C,$0.75 ,1,26
WI,620,F,$0.35 ,1,26
WI,620,H,$0.50 ,1,26
WI,620,I,$0.50 ,1,26
WI,700,D,$1.00 ,1,26
WI,700,F,$0.35 ,1,26
WI,700,I,$0.35 ,1,26
WI,700,K,$0.60 ,1,26
WI,700,L,$0.60 ,1,26
WI,700,M,$1.00 ,1,26
WI,700,N,$0.50 ,1,26
WI,730,A,$0.70 ,1,26
WI,730,B,$0.50 ,1,26
WI,730,C,$0.40 ,1,26
WI,730,D,$0.40 ,1,26
WI,730,E,$0.35 ,1,26
WI,790,K,$0.35 ,1,26
WI,790,L,$2.00 ,1,26
WI,790,O,$0.35 ,1,26
WI,790,P,$0.60 ,1,26
WI,790,Q,$0.75 ,1,26
WI,790,S,$0.75 ,1,26
WI,790,T,$1.00 ,1,26
WI,825,K,$0.50 ,1,26
WI,915,B,$0.50 ,1,26
WI,915,C,$0.50 ,1,26
WI,915,D,$0.50 ,1,26
WI,915,E,$0.50 ,1,26
WI,930,E,$1.00 ,1,26
WI,940,C,$0.35 ,1,26
WI,940,D,$0.35 ,1,26
WI,940,E,$0.35 ,1,26
WA,5,B,$1.00 ,1,26
WA,5,C,$0.35 ,1,26
WA,5,E,$0.35 ,1,26
WA,40,A,$0.35 ,1,26
WA,40,H,$0.35 ,1,26
WA,40,I,$0.35 ,1,26
WA,40,J,$0.35 ,1,26
WA,40,L,$0.35 ,1,26
WA,40,M,$0.35 ,1,26
WA,40,O,$0.35 ,1,26
WA,80,E,$0.35 ,1,26
WA,80,F,$0.35 ,1,26
WA,80,G,$0.35 ,1,26
WA,80,H,$0.35 ,1,26
WA,80,I,$0.35 ,1,26
WA,80,N,$0.50 ,1,26
WA,80,O,$0.50 ,1,26
WA,80,P,$0.50 ,1,26
WA,80,Q,$1.00 ,1,26
WA,300,B,$0.35 ,1,26
WA,300,H,$0.35 ,1,26
WA,440,A,$1.00 ,1,26
WA,440,B,$2.00 ,1,26
WA,440,C,$2.00 ,1,26
WA,440,D,$2.00 ,1,26
WA,440,E,$2.00 ,1,26
WA,440,F,$2.00 ,1,26
WA,480,B,$0.35 ,1,27
WA,780,B,$0.50 ,1,27
WA,780,C,$0.35 ,1,27
WA,780,E,$0.35 ,1,27
WA,780,F,$0.50 ,1,27
WA,780,K,$2.50 ,3,27
WA,780,M,$0.35 ,1,27
WA,780,N,$0.35 ,1,27
WA,780,O,$0.35 ,2,27
WA,780,P,$0.35 ,1,27
WA,780,Q,$0.35 ,1,27
WA,780,R,$0.35 ,1,27
WA,780,T,$0.50 ,1,27
WA,780,W,$7.50 ,1,27
WA,840,D,$0.50 ,1,27
WA,840,E,$0.50 ,1,27
WA,840,F,$0.35 ,1,27
WA,840,O,$0.35 ,1,27
WA,840,P,$0.35 ,1,27
WA,840,Q,$0.35 ,1,27
WA,840,W,$0.75 ,1,27
WA,880,B,$0.35 ,1,27
WA,880,C,$0.35 ,1,27
WA,880,D,$0.35 ,1,27
WA,880,E,$0.35 ,1,27
WA,880,F,$3.00 ,1,27
WA,880,P,$0.35 ,1,27
WA,880,Q,$1.00 ,1,27
WA,920,C,$0.35 ,1,27
WA,920,D,$0.35 ,1,27
WA,940,A,$1.50 ,1,27
WA,940,B,$1.50 ,1,27
WA,940,C,$1.50 ,1,27
WA,970,C,$0.50 ,1,27
WA,970,D,$0.50 ,1,27
WA,990,E,$9.00 ,1,27
WA,1000,B,$1.00 ,1,27
WY,750,B,$2.00 ,1,27
AB,60,A,$3.00 ,1,27
BC,800,A,$0.35 ,1,27
NB,750,B,$0.35 ,1,27
NS,75,D,$2.00 ,1,27
NS,100,B,$0.35 ,1,27
ON,400,Cb,$0.35 ,1,27
ON,675,F,$2.00 ,1,27
ON,900,A,$2.00 ,1,27
ON,900,B,$2.00 ,1,27
ON,900,F,$2.00 ,1,27
PI,500,C,$1.50 ,1,27
PI,500,D,$1.00 ,1,27
PQ,200,Aa,$0.35 ,1,27
PQ,345,G,$0.35 ,1,27
PQ,620,ABc,$1.00 ,1,27
PQ,620,W,$1.00 ,1,27
PQ,950,C,$0.35 ,1,27
PQ,970,A,$0.50 ,1,27
PQ,970,C,$0.50 ,1,27
PP,,AE,$45.00 ,1,27
FF,,IN5,$2.00 ,1,27
,,,,1,27